"letter_id","duplicate_profile","edition","responder_caste","repeat_letter","groomid","groom","groom_caste","groom_income","income_level","height_in","age","education","education_raw","sons","daughters","unmdaughters","girl_working","father_occupation","father_absent","father_govt","father_private","father_business","father_retired","mother_occupation","mother_absent","mother_housewife","complexion_raw","complexion","looks_raw","looks","bride_income_pm","family_wealth_raw","own_house","own_apartment","own_land","own_car","profile_id"
1,FALSE,1,"HC",FALSE,1,"HCG-HI","HC",35000,"HI",62,28,"bachelors","b.com",1,1,1,1,"govt. employee",0,1,0,0,0,"housewife",0,1,"very fair","very_fair","good looks","good",10000,"brother in delhi",0,0,0,0,100
2,FALSE,1,"MC",FALSE,1,"HCG-HI","HC",35000,"HI",61,21,"bachelors","b.sc",0,2,2,0,"Retired",0,0,0,0,1,"housewife",0,1,"very fair","very_fair","medium looks","fair",NA,"brother is in uk",0,0,0,0,443
3,FALSE,1,"HC",FALSE,1,"HCG-HI","HC",35000,"HI",62,24,"masters","m.a",1,1,1,0,"govt employee",0,1,0,0,0,"housewife",0,1,"very fair","very_fair","medium looks","fair",NA,"brother usa",0,0,0,0,67
4,FALSE,1,"HC",FALSE,1,"HCG-HI","HC",35000,"HI",62,27,"masters","m.sc",1,1,1,0,"govt. employee",0,1,0,0,0,"govt. employee",0,0,"medium fair","medium_fair","good looks","good",NA,"car owner",0,0,0,1,96
5,FALSE,1,"MC",FALSE,1,"HCG-HI","HC",35000,"HI",62,23,"bachelors","b.e",0,2,1,1,"govt employee",0,1,0,0,0,"housewife",0,1,"very fair","very_fair","good looks","good",NA,"car owner",0,0,0,1,487
6,FALSE,1,"HC",FALSE,1,"HCG-HI","HC",35000,"HI",63,27,"masters","m.a",1,1,1,0,"govt employee",0,1,0,0,0,"govt. employee",0,0,"medium","medium_fair","good looks","good",NA,"flat owner",0,1,0,0,151
7,FALSE,1,"LC",FALSE,1,"HCG-HI","HC",35000,"HI",64,22,"bachelors","b.sc",0,1,1,0,"Retired",0,0,0,0,1,"housewife",0,1,"medium fair","medium_fair","good looks","good",NA,"flat owner",0,1,0,0,357
8,FALSE,1,"MC",FALSE,1,"HCG-HI","HC",35000,"HI",63,21,"bachelors","b.a",1,1,1,0,"govt employee",0,1,0,0,0,"housewife",0,1,"medium","medium_fair","medium looks","fair",NA,"flat owner",0,1,0,0,536
9,FALSE,1,"HC",FALSE,1,"HCG-HI","HC",35000,"HI",61,24,"bachelors","b.a",2,3,2,0,"govt. employee",0,1,0,0,0,"housewife",0,1,"medium","medium_fair","medium looks","fair",NA,"flat owner",0,1,0,0,28
10,FALSE,1,"MC",FALSE,1,"HCG-HI","HC",35000,"HI",61,24,"bachelors","b.a",1,1,1,0,"govt employee",0,1,0,0,0,"retired",0,0,"medium","medium_fair","medium looks","fair",NA,"flat owner",0,1,0,0,453
11,FALSE,1,"HC",FALSE,1,"HCG-HI","HC",35000,"HI",62,24,"masters","m.a",1,1,1,0,"Retired",0,0,0,0,1,"housewife",0,1,"fair","fair","good looks","good",NA,"flat owner",0,1,0,0,66
12,FALSE,1,"HC",FALSE,1,"HCG-HI","HC",35000,"HI",62,26,"masters","m.a",0,1,1,0,"govt. employee",0,1,0,0,0,"govt. employee",0,0,"very fair","very_fair","good looks","good",NA,"flat owner",0,1,0,0,84
13,FALSE,1,"HC",FALSE,1,"HCG-HI","HC",35000,"HI",64,27,"masters","m.a",0,1,1,1,"Retired",0,0,0,0,1,"govt. employee",0,0,"medium fair","medium_fair","",NA,NA,"flat owner",0,1,0,0,184
14,FALSE,1,"HC",FALSE,1,"HCG-HI","HC",35000,"HI",61,23,"masters","m.sc",NA,2,1,0,"govt. employee",0,1,0,0,0,"nm",0,0,"nm",NA,"",NA,NA,"flat owner",0,1,0,0,25
15,FALSE,1,"MC",FALSE,1,"HCG-HI","HC",35000,"HI",64,25,"masters","m.a",2,1,1,1,"govt employee",0,1,0,0,0,"housewife",0,1,"nm",NA,"",NA,NA,"flat owner",0,1,0,0,600
16,FALSE,1,"HC",FALSE,1,"HCG-HI","HC",35000,"HI",64,28,"masters","m.sc",0,1,1,1,"Business",0,0,0,1,0,"nm",0,0,"nm",NA,"",NA,NA,"flat owner, car",0,1,0,1,195
17,FALSE,1,"MC",FALSE,1,"HCG-HI","HC",35000,"HI",64,27,"masters","m.a",0,1,1,0,"govt employee",0,1,0,0,0,"housewife",0,1,"poorly fair","fair","medium looks","fair",NA,"flat owner, car owner",0,1,0,1,607
18,FALSE,1,"HC",FALSE,1,"HCG-HI","HC",35000,"HI",62,29,"bachelors","b.a",0,1,1,0,"Retired",0,0,0,0,1,"housewife",0,1,"medium fair","medium_fair","medium looks","fair",NA,"flat owner, own car",0,1,0,1,104
19,FALSE,1,"LC",FALSE,1,"HCG-HI","HC",35000,"HI",63,24,"bachelors","b.com",1,1,1,1,"govt employee",0,1,0,0,0,"absent",1,0,"medium fair","medium_fair","very good looks","very_good",NA,"flat, car owner",0,1,0,1,330
20,FALSE,1,"HC",FALSE,1,"HCG-HI","HC",35000,"HI",62,27,"bachelors","b.com",0,1,1,0,"Business",0,0,0,1,0,"teacher",0,0,"fair","fair","good looks","good",NA,"house owner",1,0,0,0,90
21,FALSE,1,"HC",TRUE,1,"HCG-HI","HC",35000,"HI",63,26,"masters","m.a",0,1,1,0,"govt employee",0,1,0,0,0,"govt. employee",0,0,"very fair","very_fair","good looks","good",NA,"house owner",1,0,0,0,239
22,FALSE,1,"HC",FALSE,1,"HCG-HI","HC",35000,"HI",62,27,"masters","m.a",0,1,1,1,"Retired",0,0,0,0,1,"govt. employee",0,0,"very fair","very_fair","good looks","good",NA,"house owner",1,0,0,0,95
23,FALSE,1,"MC",FALSE,1,"HCG-HI","HC",35000,"HI",62,24,"bachelors","b.a",0,2,1,1,"Retired",0,0,0,0,1,"housewife",0,1,"very fair","very_fair","good looks","good",NA,"house owner",1,0,0,0,492
24,FALSE,1,"HC",FALSE,1,"HCG-HI","HC",35000,"HI",63,25,"masters","m.phil",1,1,1,0,"govt. employee",0,1,0,0,0,"lecturer",0,0,"medium fair","medium_fair","medium looks","fair",NA,"house owner",1,0,0,0,134
25,FALSE,1,"MC",FALSE,1,"HCG-HI","HC",35000,"HI",62,24,"bachelors","b.a",1,1,1,0,"govt employee",0,1,0,0,0,"housewife",0,1,"very fair","very_fair","medium looks","fair",NA,"house owner",1,0,0,0,494
26,FALSE,1,"HC",FALSE,1,"HCG-HI","HC",35000,"HI",63,24,"masters","m.com",0,1,1,0,"govt. employee",0,1,0,0,0,"housewife",0,1,"very fair","very_fair","medium looks","fair",NA,"house owner",1,0,0,0,127
27,FALSE,1,"MC",FALSE,1,"HCG-HI","HC",35000,"HI",63,24,"bachelors","b.com",0,1,1,0,"Retired",0,0,0,0,1,"retired",0,0,"very fair","very_fair","medium looks","fair",NA,"house owner",1,0,0,0,555
28,FALSE,1,"HC",FALSE,1,"HCG-HI","HC",35000,"HI",63,26,"masters","m.a",1,1,1,0,"govt. employee",0,1,0,0,0,"housewife",0,1,"fair","fair","very good looks","very_good",NA,"house owner",1,0,0,0,144
29,FALSE,1,"HC",FALSE,1,"HCG-HI","HC",35000,"HI",62,29,"masters","mba",0,1,1,0,"Retired",0,0,0,0,1,"govt. employee",0,0,"very fair","very_fair","very good looks","very_good",NA,"house owner",1,0,0,0,106
30,FALSE,1,"HC",FALSE,1,"HCG-HI","HC",35000,"HI",62,25,"masters","m.sc",0,NA,1,1,"govt. employee",0,1,0,0,0,"housewife",0,1,"very fair","very_fair","very good looks","very_good",NA,"house owner",1,0,0,0,82
31,FALSE,1,"HC",FALSE,1,"HCG-HI","HC",35000,"HI",62,23,"bachelors","b.a",0,1,1,1,"absent",1,0,0,0,0,"teacher",0,0,"very fair","very_fair","very good looks","very_good",NA,"house owner",1,0,0,0,57
32,FALSE,1,"MC",FALSE,1,"HCG-HI","HC",35000,"HI",60,26,"masters","m.a",0,1,1,1,"govt employee",0,1,0,0,0,"housewife",0,1,"",NA,"good looks","good",NA,"house owner",1,0,0,0,434
33,FALSE,1,"HC",FALSE,1,"HCG-HI","HC",35000,"HI",60,26,"bachelors","b.sc",1,1,1,0,"govt employee",0,1,0,0,0,"retired",0,0,"very fair","very_fair","good looks","good",NA,"house owner",1,0,0,0,14
34,FALSE,1,"MC",FALSE,1,"HCG-HI","HC",35000,"HI",67,26,"bachelors","b.sc",0,1,1,1,"govt employee",0,1,0,0,0,"retired",0,0,"very vfair","very_fair","good looks","good",NA,"house owner",1,0,0,0,621
35,FALSE,1,"HC",FALSE,1,"HCG-HI","HC",35000,"HI",63,26,"masters","m.a",0,1,1,0,"govt. employee",0,1,0,0,0,"housewife",0,1,"fair","fair","medium looks","fair",NA,"house owner",1,0,0,0,141
36,FALSE,1,"HC",FALSE,1,"HCG-HI","HC",35000,"HI",NA,25,"masters","m.a",1,1,1,0,"govt employee",0,1,0,0,0,"housewife",0,1,"",NA,"medium looks","fair",NA,"house owner",1,0,0,0,210
37,FALSE,1,"HC",FALSE,1,"HCG-HI","HC",35000,"HI",62,26,"masters","m.a",0,1,1,1,"govt. employee",0,1,0,0,0,"housewife",0,1,"fair","fair","",NA,NA,"house owner",1,0,0,0,85
38,FALSE,1,"HC",FALSE,1,"HCG-HI","HC",35000,"HI",61,26,"masters","m.sc",0,NA,1,1,"Retired",0,0,0,0,1,"housewife",0,1,"fair","fair","",NA,NA,"house owner",1,0,0,0,38
39,FALSE,1,"HC",TRUE,1,"HCG-HI","HC",35000,"HI",63,24,"masters","m.sc",0,1,1,0,"govt. employee",0,1,0,0,0,"teacher",0,0,"nm",NA,"",NA,NA,"house owner",1,0,0,0,235
40,FALSE,1,"HC",FALSE,1,"HCG-HI","HC",35000,"HI",63,27,"bachelors","b.sc",0,1,1,0,"govt employee",0,1,0,0,0,"housewife",0,1,"very fair","very_fair","",NA,NA,"house owner",1,0,0,0,150
41,FALSE,1,"MC",FALSE,1,"HCG-HI","HC",35000,"HI",64,23,"bachelors","b.sc",0,1,1,0,"Retired",0,0,0,0,1,"housewife",0,1,"very fair","very_fair","",NA,NA,"house owner",1,0,0,0,592
42,FALSE,1,"HC",FALSE,1,"HCG-HI","HC",35000,"HI",62,28,"masters","m.a",1,NA,1,0,"Retired",0,0,0,0,1,"housewife",0,1,"very fair","very_fair","",NA,NA,"house owner",1,0,0,0,102
43,FALSE,1,"HC",FALSE,1,"HCG-HI","HC",35000,"HI",61,31,"phd","phd",1,1,1,0,"Business",0,0,0,1,0,"retired",0,0,"very fair","very_fair","medium looks","fair",NA,"house owner, brother in uk",1,0,0,0,52
44,FALSE,1,"HC",TRUE,1,"HCG-HI","HC",35000,"HI",63,24,"bachelors","b.com",2,2,1,0,"govt. employee",0,1,0,0,0,"housewife",0,1,"fair","fair","",NA,NA,"sister in uk",0,0,0,0,234
45,FALSE,1,"HC",FALSE,1,"HCG-HI","HC",35000,"HI",63,26,"bachelors","b.a",1,1,1,0,"govt. employee",0,1,0,0,0,"govt. employee",0,0,"fair","fair","medium looks","fair",NA,"two houses in calcutta",0,0,0,0,139
46,FALSE,1,"HC",FALSE,1,"HCG-HI","HC",35000,"HI",63,25,"masters","m.sc",1,1,1,1,"Business",0,0,0,1,0,"housewife",0,1,"fair","fair","good looks","good",NA,"",NA,NA,NA,NA,136
47,FALSE,1,"HC",FALSE,1,"HCG-HI","HC",35000,"HI",64,27,"masters","m.tech",0,1,1,1,"govt employee",0,1,0,0,0,"govt. employee",0,0,"medium fair","medium_fair","good looks","good",NA,"",NA,NA,NA,NA,187
48,FALSE,1,"HC",FALSE,1,"HCG-HI","HC",35000,"HI",62,28,"bachelors","b.e",0,1,1,1,"govt. employee",0,1,0,0,0,"housewife",0,1,"very fair","very_fair","good looks","good",NA,"",NA,NA,NA,NA,101
49,FALSE,1,"HC",TRUE,1,"HCG-HI","HC",35000,"HI",64,27,"masters","m.a",1,1,1,0,"Business",0,0,0,1,0,"govt. employee",0,0,"very fair","very_fair","good looks","good",NA,"",NA,NA,NA,NA,241
50,FALSE,1,"HC",TRUE,1,"HCG-HI","HC",35000,"HI",61,28,"masters","mca",0,1,1,0,"Business",0,0,0,1,0,"govt. employee",0,0,"very fair","very_fair","good looks","good",NA,"",NA,NA,NA,NA,225
51,FALSE,1,"MC",FALSE,1,"HCG-HI","HC",35000,"HI",62,26,"masters","m.sc",1,2,1,1,"Retired",0,0,0,0,1,"teacher",0,0,"very fair","very_fair","good looks","good",NA,"",NA,NA,NA,NA,528
52,FALSE,1,"HC",FALSE,1,"HCG-HI","HC",35000,"HI",64,27,"bachelors","mbbs",NA,1,1,1,"govt employee",0,1,0,0,0,"housewife",0,1,"poorly fair","fair","medium looks","fair",NA,"",NA,NA,NA,NA,189
53,FALSE,1,"MC",FALSE,1,"HCG-HI","HC",35000,"HI",64,28,"masters","mba",0,1,1,1,"govt employee",0,1,0,0,0,"housewife",0,1,"fair","fair","medium looks","fair",NA,"",NA,NA,NA,NA,617
54,FALSE,1,"HC",FALSE,1,"HCG-HI","HC",35000,"HI",64,28,"masters","mba",0,1,1,1,"Business",0,0,0,1,0,"lecturer",0,0,"fair","fair","medium looks","fair",NA,"",NA,NA,NA,NA,197
55,FALSE,1,"HC",FALSE,1,"HCG-HI","HC",35000,"HI",63,22,"masters","m.a",1,1,1,0,"Business",0,0,0,1,0,"housewife",0,1,"medium fair","medium_fair","medium looks","fair",NA,"",NA,NA,NA,NA,118
56,FALSE,1,"HC",FALSE,1,"HCG-HI","HC",35000,"HI",64,23,"masters","m.com",1,1,1,1,"govt. employee",0,1,0,0,0,"housewife",0,1,"medium fair","medium_fair","medium looks","fair",NA,"",NA,NA,NA,NA,171
57,FALSE,1,"MC",FALSE,1,"HCG-HI","HC",35000,"HI",62,24,"bachelors","b.com",1,1,1,1,"Retired",0,0,0,0,1,"retired",0,0,"very fair","very_fair","medium looks","fair",NA,"",NA,NA,NA,NA,497
58,FALSE,1,"HC",FALSE,1,"HCG-HI","HC",35000,"HI",62,28,"masters","m.sc",0,1,1,0,"Retired",0,0,0,0,1,"housewife",0,1,"very fair","very_fair","medium looks","fair",NA,"",NA,NA,NA,NA,103
59,FALSE,1,"HC",FALSE,1,"HCG-HI","HC",35000,"HI",57,26,"masters","m.sc",0,1,1,1,"govt. employee",0,1,0,0,0,"housewife",0,1,"very fair","very_fair","medium looks","fair",NA,"",NA,NA,NA,NA,6
60,FALSE,1,"HC",FALSE,1,"HCG-HI","HC",35000,"HI",64,28,"bachelors","b.sc",0,1,1,0,"Retired",0,0,0,0,1,"nm",0,0,"Very fair","very_fair","very good look","very_good",NA,"",NA,NA,NA,NA,190
61,FALSE,1,"HC",FALSE,1,"HCG-HI","HC",35000,"HI",61,27,"masters","m.a",1,1,1,1,"govt. employee",0,1,0,0,0,"teacher",0,0,"very fair","very_fair","very good looks","very_good",12000,"",NA,NA,NA,NA,42
62,FALSE,1,"HC",FALSE,1,"HCG-HI","HC",35000,"HI",62,25,"bachelors","B.tech",1,2,1,0,"govt. employee",0,1,0,0,0,"housewife",0,1,"very fair","very_fair","very good looks","very_good",NA,"",NA,NA,NA,NA,70
63,FALSE,1,"HC",FALSE,1,"HCG-HI","HC",35000,"HI",60,29,"masters","mba",2,1,1,1,"Retired",0,0,0,0,1,"housewife",0,1,"Very fair","very_fair","good look","good",25000,"",NA,NA,NA,NA,21
64,FALSE,1,"HC",FALSE,1,"HCG-HI","HC",35000,"HI",63,27,"masters","m.a",1,1,1,0,"govt employee",0,1,0,0,0,"housewife",0,1,"fair","fair","good looks","good",NA,"",NA,NA,NA,NA,152
65,FALSE,1,"LC",FALSE,1,"HCG-HI","HC",35000,"HI",63,27,"masters","m.a",0,1,1,0,"Retired",0,0,0,0,1,"housewife",0,1,"very fair","very_fair","good looks","good",NA,"",NA,NA,NA,NA,349
66,FALSE,1,"HC",FALSE,1,"HCG-HI","HC",35000,"HI",63,29,"masters","m.a",0,1,1,0,"govt. employee",0,1,0,0,0,"absent",1,0,"",NA,"medium looks","fair",NA,"",NA,NA,NA,NA,159
67,FALSE,1,"HC",FALSE,1,"HCG-HI","HC",35000,"HI",61,24,"masters","m.a",0,1,1,0,"govt. employee",0,1,0,0,0,"govt. employee",0,0,"",NA,"medium looks","fair",NA,"",NA,NA,NA,NA,32
68,FALSE,1,"MC",FALSE,1,"HCG-HI","HC",35000,"HI",61,24,"bachelors","b.sc",0,1,1,0,"nm",0,0,0,0,0,"nm",0,0,"",NA,"medium looks","fair",NA,"",NA,NA,NA,NA,455
69,FALSE,1,"HC",FALSE,1,"HCG-HI","HC",35000,"HI",61,24,"bachelors","b.sc",1,NA,1,0,"govt. employee",0,1,0,0,0,"housewife",0,1,"fair","fair","",NA,NA,"",NA,NA,NA,NA,30
70,FALSE,1,"HC",FALSE,1,"HCG-HI","HC",35000,"HI",67,27,"masters","m.a",2,1,1,0,"Business",0,0,0,1,0,"nm",0,0,"fair","fair","",NA,NA,"",NA,NA,NA,NA,206
71,FALSE,1,"HC",FALSE,1,"HCG-HI","HC",35000,"HI",64,23,"masters","m.com",NA,3,1,0,"Retired",0,0,0,0,1,"housewife",0,1,"medium fair","medium_fair","",NA,NA,"",NA,NA,NA,NA,173
72,FALSE,1,"HC",FALSE,1,"HCG-HI","HC",35000,"HI",61,26,"masters","m.a",NA,1,1,1,"govt. employee",0,1,0,0,0,"nm",0,0,"nm",NA,"",NA,NA,"",NA,NA,NA,NA,37
73,FALSE,1,"MC",FALSE,1,"HCG-HI","HC",35000,"HI",61,22,"masters","mca",0,1,1,0,"Retired",0,0,0,0,1,"teacher",0,0,"nm",NA,"",NA,NA,"",NA,NA,NA,NA,445
74,FALSE,1,"HC",FALSE,1,"HCG-HI","HC",35000,"HI",66,28,"masters","mba",0,1,1,0,"professor",0,1,0,0,0,"housewife",0,1,"very fair","very_fair","",NA,NA,"",NA,NA,NA,NA,203
75,FALSE,1,"MC",FALSE,1,"HCG-HI","HC",35000,"HI",64,26,"bachelors","b.a",0,2,1,0,"Retired",0,0,0,0,1,"housewife",0,1,"very fair","very_fair","",NA,NA,"",NA,NA,NA,NA,601
76,FALSE,1,"HC",FALSE,1,"HCG-HI","HC",35000,"HI",64,26,"masters","m.a",1,1,1,0,"govt. employee",0,1,0,0,0,"teacher",0,0,"very fair","very_fair","",NA,NA,"",NA,NA,NA,NA,180
77,FALSE,1,"HC",FALSE,1,"HCG-HI","HC",35000,"HI",63,23,"masters","m.sc",0,1,1,1,"nm",0,0,0,0,0,"govt. employee",0,0,"very fair","very_fair","",NA,NA,"",NA,NA,NA,NA,124
78,FALSE,2,"HC",FALSE,1,"HCG-HI","HC",35000,"HI",69,27,"bachelors","b.com",1,1,1,0,"Retired",0,0,0,0,1,"govt. employee",0,0,"fair, medium looks","fair","","fair",NA,"house owner",1,0,0,0,896
79,FALSE,2,"MC",FALSE,1,"HCG-HI","HC",35000,"HI",68,27,"bachelors","b.sc",0,1,1,0,"govt employee",0,1,0,0,0,"housewife",0,1,"fair,medium looks","fair","","fair",NA,"flat owner",0,1,0,0,1278
80,FALSE,2,"HC",FALSE,1,"HCG-HI","HC",35000,"HI",64,26,"masters","m.a",2,1,1,0,"govt employee",0,1,0,0,0,"housewife",0,1,"poorly fair, medium looks","fair","","fair",NA,"",0,0,0,0,775
81,FALSE,2,"HC",FALSE,1,"HCG-HI","HC",35000,"HI",60,25,"masters","m.a",0,1,1,0,"Business",0,0,0,1,0,"housewife",0,1,"fair looks",NA,"","fair",NA,"",0,0,0,0,661
82,FALSE,2,"HC",FALSE,1,"HCG-HI","HC",35000,"HI",69,23,"bachelors","b.a",1,1,1,1,"govt. employee",0,1,0,0,0,"housewife",0,1,"fair, good looks","fair","","good",NA,"car owner",0,0,0,1,887
83,FALSE,2,"HC",FALSE,1,"HCG-HI","HC",35000,"HI",67,27,"bachelors","b.sc",0,1,1,0,"Business",0,0,0,1,0,"nm",0,0,"fair, good looks","fair","","good",NA,"house owner",1,0,0,0,850
84,FALSE,2,"HC",FALSE,1,"HCG-HI","HC",35000,"HI",63,24,"masters","m.a",1,1,1,1,"pvt employee",0,0,1,0,0,"housewife",0,1,"fair, good looks","fair","","good",NA,"house owner",1,0,0,0,737
85,FALSE,2,"HC",FALSE,1,"HCG-HI","HC",35000,"HI",64,24,"bachelors","bba",0,2,1,0,"govt employee",0,1,0,0,0,"govt. employee",0,0,"fair, Medium good looks","fair","","fair",NA,"house owner",1,0,0,0,766
86,FALSE,2,"HC",FALSE,1,"HCG-HI","HC",35000,"HI",62,26,"bachelors","b.com",1,1,1,0,"pvt employee",0,0,1,0,0,"govt. employee",0,0,"fair, Medium good looks","fair","","fair",NA,"two houses in calcutta",1,0,0,0,714
87,FALSE,2,"HC",FALSE,1,"HCG-HI","HC",35000,"HI",68,26,"bachelors","b.com",1,3,2,0,"govt. employee",0,1,0,0,0,"housewife",0,1,"fair, Medium good looks","fair","","fair",NA,"",0,0,0,0,870
88,FALSE,2,"HC",FALSE,1,"HCG-HI","HC",35000,"HI",62,27,"bachelors","b.tech",1,1,1,0,"govt. employee",0,1,0,0,0,"retired",0,0,"fair, medium looks","fair","","fair",NA,"car owner",0,0,0,1,724
89,FALSE,2,"HC",FALSE,1,"HCG-HI","HC",35000,"HI",68,31,"masters","mba",1,2,1,0,"Business",0,0,0,1,0,"absent",1,0,"fair, medium looks","fair","","fair",NA,"house owner, brother in usa",1,0,0,0,886
90,FALSE,2,"HC",FALSE,1,"HCG-HI","HC",35000,"HI",68,26,"bachelors","b.tech",1,1,1,1,"govt employee",0,1,0,0,0,"housewife",0,1,"fair, medium looks","fair","","fair",NA,"",0,0,0,0,871
91,FALSE,2,"HC",FALSE,1,"HCG-HI","HC",35000,"HI",65,22,"masters","m.a",1,1,1,1,"govt. employee",0,1,0,0,0,"housewife",0,1,"fair, very good looks","fair","","very_good",NA,"house owner",1,0,0,0,783
92,FALSE,2,"HC",FALSE,1,"HCG-HI","HC",35000,"HI",62,21,"bachelors","b.a",1,1,1,1,"Retired",0,0,0,0,1,"housewife",0,1,"fair,good looks","fair","","good",NA,"",0,0,0,0,699
93,FALSE,2,"HC",FALSE,1,"HCG-HI","HC",35000,"HI",65,28,"masters","m.com",0,1,1,0,"govt employee",0,1,0,0,0,"housewife",0,1,"fair,good looks","fair","","good",NA,"",0,0,0,0,802
94,FALSE,2,"HC",FALSE,1,"HCG-HI","HC",35000,"HI",68,29,"bachelors","b.sc",0,1,1,0,"govt employee",0,1,0,0,0,"govt. employee",0,0,"good looks",NA,"","good",NA,"",0,0,0,0,883
95,FALSE,2,"HC",FALSE,1,"HCG-HI","HC",35000,"HI",72,23,"masters","m.com",0,1,1,1,"Retired",0,0,0,0,1,"retired",0,0,"medium fair","medium_fair","",NA,NA,"flat owner",0,1,0,0,903
96,FALSE,2,"HC",FALSE,1,"HCG-HI","HC",35000,"HI",61,24,"masters","m.a",1,2,1,0,"Retired",0,0,0,0,1,"housewife",0,1,"medium fair","medium_fair","",NA,NA,"",0,0,0,0,684
97,FALSE,2,"HC",FALSE,1,"HCG-HI","HC",35000,"HI",63,25,"masters","m.sc",1,1,1,0,"govt. employee",0,1,0,0,0,"govt. employee",0,0,"medium fair, good looks","medium_fair","","good",NA,"car owner",0,0,0,1,742
98,FALSE,2,"HC",FALSE,1,"HCG-HI","HC",35000,"HI",69,23,"masters","m.tech",3,1,1,1,"govt employee",0,1,0,0,0,"govt. employee",0,0,"medium fair, good looks","medium_fair","","good",NA,"father was pilot",0,0,0,0,890
99,FALSE,2,"HC",FALSE,1,"HCG-HI","HC",35000,"HI",62,28,"masters","m.com",NA,1,1,1,"govt. employee",0,1,0,0,0,"retired",0,0,"medium fair, good looks","medium_fair","","good",NA,"",0,0,0,0,728
100,FALSE,2,"HC",TRUE,1,"HCG-HI","HC",35000,"HI",62,22,"bachelors","b.sc",0,2,1,0,"govt. employee",0,1,0,0,0,"housewife",0,1,"medium fair, medium good looks","medium_fair","","fair",NA,"sister in uk",0,0,0,0,920
101,FALSE,2,"HC",TRUE,1,"HCG-HI","HC",35000,"HI",69,23,"masters","m.sc",0,2,2,0,"govt. employee",0,1,0,0,0,"housewife",0,1,"medium fair, medium looks","medium_fair","","fair",NA,"flat owner",0,1,0,0,966
102,FALSE,2,"HC",FALSE,1,"HCG-HI","HC",35000,"HI",64,27,"bachelors","b.sc",0,1,1,0,"Retired",0,0,0,0,1,"housewife",0,1,"medium fair, medium looks","medium_fair","","fair",NA,"flat owner, own car",0,1,0,1,777
103,FALSE,2,"HC",FALSE,1,"HCG-HI","HC",35000,"HI",68,22,"bachelors","b.tech",0,1,1,1,"Retired",0,0,0,0,1,"retired",0,0,"medium fair, medium looks","medium_fair","","fair",NA,"house owner",1,0,0,0,858
104,FALSE,2,"HC",FALSE,1,"HCG-HI","HC",35000,"HI",72,25,"masters","m.a",1,2,1,0,"Retired",0,0,0,0,1,"govt. employee",0,0,"medium fair, medium looks","medium_fair","","fair",NA,"house owner",1,0,0,0,905
105,FALSE,2,"HC",FALSE,1,"HCG-HI","HC",35000,"HI",61,23,"bachelors","b.sc",0,1,1,0,"govt employee",0,1,0,0,0,"govt. employee",0,0,"medium fair, medium looks","medium_fair","","fair",NA,"",0,0,0,0,677
106,FALSE,2,"HC",FALSE,1,"HCG-HI","HC",35000,"HI",67,23,"bachelors","b.sc",1,1,1,0,"Business",0,0,0,1,0,"housewife",0,1,"medium fair, medium looks","medium_fair","","fair",NA,"",0,0,0,0,836
107,FALSE,2,"MC",FALSE,1,"HCG-HI","HC",35000,"HI",62,24,"masters","m.a",NA,1,1,0,"business",0,0,0,1,0,"nm",0,0,"medium fair, medium looks","medium_fair","","fair",NA,"",0,0,0,0,1168
108,FALSE,2,"HC",TRUE,1,"HCG-HI","HC",35000,"HI",65,23,"bachelors","b.com",0,1,1,1,"govt. employee",0,1,0,0,0,"housewife",0,1,"medium fair, medium looks","medium_fair","","fair",NA,"",0,0,0,0,945
109,FALSE,2,"HC",FALSE,1,"HCG-HI","HC",35000,"HI",60,25,"masters","m.a",0,1,1,0,"Business",0,0,0,1,0,"teacher",0,0,"medium fair, very good looks","medium_fair","","very_good",NA,"flat owner",0,1,0,0,662
110,FALSE,2,"HC",FALSE,1,"HCG-HI","HC",35000,"HI",63,27,"masters","m.a",0,1,1,0,"govt. employee",0,1,0,0,0,"housewife",0,1,"medium fair, very good looks","medium_fair","","very_good",NA,"house owner",1,0,0,0,754
111,FALSE,2,"MC",TRUE,1,"HCG-HI","HC",35000,"HI",63,25,"masters","m.sc",1,1,1,0,"business",0,0,0,1,0,"housewife",0,1,"medium fair, very good looks","medium_fair","","very_good",NA,"",0,0,0,0,1313
112,FALSE,2,"HC",FALSE,1,"HCG-HI","HC",35000,"HI",60,20,"bachelors","b.e",1,1,1,1,"govt. employee",0,1,0,0,0,"housewife",0,1,"medium faoir, medium looks","medium_fair","","fair",NA,"",0,0,0,0,651
113,FALSE,2,"HC",FALSE,1,"HCG-HI","HC",35000,"HI",60,26,"bachelors","b.tech",0,1,1,1,"Business",0,0,0,1,0,"retired",0,0,"medium faoir, medium looks","medium_fair","","fair",NA,"",0,0,0,0,666
114,FALSE,2,"HC",FALSE,1,"HCG-HI","HC",35000,"HI",60,25,"masters","m.a",1,1,1,0,"govt employee",0,1,0,0,0,"housewife",0,1,"medium looks",NA,"","fair",NA,"house owner",1,0,0,0,663
115,FALSE,2,"HC",FALSE,1,"HCG-HI","HC",35000,"HI",69,27,"masters","m.a",0,1,1,0,"govt. employee",0,1,0,0,0,"govt. employee",0,0,"medium looks",NA,"","fair",NA,"",0,0,0,0,897
116,FALSE,2,"HC",FALSE,1,"HCG-HI","HC",35000,"HI",65,27,"masters","m.tech",1,1,1,0,"govt employee",0,1,0,0,0,"govt. employee",0,0,"medium, good looks","medium_fair","","good",NA,"flat owner",0,1,0,0,798
117,FALSE,2,"HC",FALSE,1,"HCG-HI","HC",35000,"HI",66,24,"bachelors","b.a",2,1,1,0,"pvt employee",0,0,1,0,0,"housewife",0,1,"medium, medium looks","medium_fair","","fair",NA,"flat owner",0,1,0,0,813
118,FALSE,2,"MC",FALSE,1,"HCG-HI","HC",35000,"HI",65,22,"masters","m.a",0,1,1,0,"pvt employee",0,0,1,0,0,"govt employee",0,0,"nm",NA,"",NA,NA,"house owner",1,0,0,0,1223
119,FALSE,2,"HC",FALSE,1,"HCG-HI","HC",35000,"HI",66,25,"masters","m.sc",1,2,1,1,"govt employee",0,1,0,0,0,"retired",0,0,"nm",NA,"",NA,NA,"",0,0,0,0,822
120,FALSE,2,"HC",FALSE,1,"HCG-HI","HC",35000,"HI",68,25,"bachelors","b.sc",1,1,1,0,"govt employee",0,1,0,0,0,"govt. employee",0,0,"nm",NA,"",NA,NA,"",0,0,0,0,866
121,FALSE,2,"HC",FALSE,1,"HCG-HI","HC",35000,"HI",60,24,"bachelors","b.com",0,2,2,0,"Retired",0,0,0,0,1,"housewife",0,1,"nm",NA,"",NA,NA,"",0,0,0,0,656
122,FALSE,2,"HC",FALSE,1,"HCG-HI","HC",35000,"HI",61,25,"bachelors","b.a",0,1,1,0,"Retired",0,0,0,0,1,"housewife",0,1,"slim",NA,"",NA,NA,"",0,0,0,0,686
123,FALSE,2,"HC",TRUE,1,"HCG-HI","HC",35000,"HI",68,27,"masters","m.a",0,1,1,0,"govt employee",0,1,0,0,0,"housewife",0,1,"very fair","very_fair","",NA,NA,"house owner",1,0,0,0,963
124,FALSE,2,"HC",FALSE,1,"HCG-HI","HC",35000,"HI",61,23,"bachelors","bba",0,1,1,0,"professor",0,1,0,0,0,"pvt employee",0,0,"very fair","very_fair","",NA,NA,"",0,0,0,0,679
125,FALSE,2,"HC",FALSE,1,"HCG-HI","HC",35000,"HI",64,24,"masters","m.sc",0,1,1,1,"Business",0,0,0,1,0,"nm",0,0,"very fair","very_fair","",NA,NA,"",0,0,0,0,767
126,FALSE,2,"HC",FALSE,1,"HCG-HI","HC",35000,"HI",66,23,"masters","m.a",0,1,1,0,"govt employee",0,1,0,0,0,"govt. employee",0,0,"very fair, good looks","very_fair","","good",NA,"house owner",1,0,0,0,808
127,FALSE,2,"HC",FALSE,1,"HCG-HI","HC",35000,"HI",72,25,"masters","m.a",0,1,1,0,"pvt employee",0,0,1,0,0,"lecturer",0,0,"very fair, good looks","very_fair","","good",NA,"house owner",1,0,0,0,904
128,FALSE,2,"MC",FALSE,1,"HCG-HI","HC",35000,"HI",68,23,"masters","m.a",0,1,1,0,"Retired",0,0,0,0,1,"retired",0,0,"very fair, good looks","very_fair","","good",NA,"house owner",1,0,0,0,1272
129,FALSE,2,"HC",FALSE,1,"HCG-HI","HC",35000,"HI",63,21,"masters","m.a",0,1,1,1,"Business",0,0,0,1,0,"govt. employee",0,0,"very fair, good looks","very_fair","","good",NA,"house owner",1,0,0,0,732
130,FALSE,2,"HC",FALSE,1,"HCG-HI","HC",35000,"HI",67,26,"bachelors","b.sc",1,2,1,0,"govt. employee",0,1,0,0,0,"housewife",0,1,"very fair, good looks","very_fair","","good",NA,"land owner",0,0,1,0,849
131,FALSE,2,"MC",FALSE,1,"HCG-HI","HC",35000,"HI",62,25,"bachelors","b.sc",1,1,1,0,"pvt employee",0,0,1,0,0,"housewife",0,1,"very fair, good looks","very_fair","","good",NA,"land, flat owner",0,1,1,0,1171
132,FALSE,2,"MC",FALSE,1,"HCG-HI","HC",35000,"HI",64,25,"masters","m.sc",1,2,1,0,"business",0,0,0,1,0,"retired",0,0,"very fair, good looks","very_fair","","good",NA,"shop owner",0,0,0,0,1213
133,FALSE,2,"HC",FALSE,1,"HCG-HI","HC",35000,"HI",61,28,"bachelors","b.com",0,1,1,1,"pvt employee",0,0,1,0,0,"housewife",0,1,"very fair, good looks","very_fair","","good",NA,"",0,0,0,0,696
134,FALSE,2,"HC",FALSE,1,"HCG-HI","HC",35000,"HI",64,21,"masters","mca",0,1,1,0,"Business",0,0,0,1,0,"govt. employee",0,0,"very fair, good looks","very_fair","","good",NA,"",0,0,0,0,757
135,FALSE,2,"HC",FALSE,1,"HCG-HI","HC",35000,"HI",68,23,"masters","m.a",0,1,1,0,"Business",0,0,0,1,0,"housewife",0,1,"very fair, good looks","very_fair","","good",NA,"",0,0,0,0,862
136,FALSE,2,"HC",FALSE,1,"HCG-HI","HC",35000,"HI",62,24,"masters","m.a",0,1,1,0,"pvt employee",0,0,1,0,0,"housewife",0,1,"very fair, good looks","very_fair","","good",NA,"",0,0,0,0,709
137,FALSE,2,"HC",FALSE,1,"HCG-HI","HC",35000,"HI",69,25,"masters","m.a",0,2,2,0,"pvt employee",0,0,1,0,0,"pvt employee",0,0,"very fair, medium looks","very_fair","","fair",NA,"brother usa",0,0,0,0,893
138,FALSE,2,"HC",FALSE,1,"HCG-HI","HC",35000,"HI",66,25,"masters","m.com",0,1,1,0,"govt. employee",0,1,0,0,0,"govt. employee",0,0,"very fair, medium looks","very_fair","","fair",NA,"house owner",1,0,0,0,821
139,FALSE,2,"HC",FALSE,1,"HCG-HI","HC",35000,"HI",66,25,"bachelors","b.a",0,1,1,0,"Retired",0,0,0,0,1,"housewife",0,1,"very fair, medium looks","very_fair","","fair",NA,"house owner",1,0,0,0,815
140,FALSE,2,"MC",FALSE,1,"HCG-HI","HC",35000,"HI",64,24,"masters","m.sc",1,1,1,1,"govt employee",0,1,0,0,0,"housewife",0,1,"very fair, medium looks","very_fair","","fair",NA,"",0,0,0,0,1211
141,FALSE,2,"HC",FALSE,1,"HCG-HI","HC",35000,"HI",68,26,"masters","mphil",1,1,1,0,"govt. employee",0,1,0,0,0,"housewife",0,1,"very fair, medium looks","very_fair","","fair",NA,"",0,0,0,0,873
142,FALSE,2,"HC",FALSE,1,"HCG-HI","HC",35000,"HI",64,24,"masters","m.sc",1,1,1,0,"Retired",0,0,0,0,1,"housewife",0,1,"very fair, medium looks","very_fair","","fair",NA,"",0,0,0,0,768
143,FALSE,2,"HC",FALSE,1,"HCG-HI","HC",35000,"HI",65,25,"bachelors","b.a",0,1,1,1,"govt employee",0,1,0,0,0,"teacher",0,0,"very fair, very good looks","very_fair","","very_good",NA,"car, land owner",0,0,1,1,790
144,FALSE,2,"HC",FALSE,1,"HCG-HI","HC",35000,"HI",68,21,"below_bachelors","h.s",2,2,1,0,"govt. employee",0,1,0,0,0,"housewife",0,1,"very fair, very good looks","very_fair","","very_good",NA,"house owner",1,0,0,0,856
145,FALSE,2,"HC",FALSE,1,"HCG-HI","HC",35000,"HI",62,24,"masters","m.sc",0,2,1,0,"Retired",0,0,0,0,1,"housewife",0,1,"very fair, very good looks","very_fair","","very_good",NA,"house owner",1,0,0,0,710
146,FALSE,2,"MC",FALSE,1,"HCG-HI","HC",35000,"HI",61,22,"bachelors","b.a",0,1,1,0,"business",0,0,0,1,0,"housewife",0,1,"very fair, very good looks","very_fair","","very_good",NA,"",0,0,0,0,1137
147,FALSE,2,"HC",TRUE,1,"HCG-HI","HC",35000,"HI",64,26,"masters","m.a",1,1,1,0,"govt. employee",0,1,0,0,0,"housewife",0,1,"very fair, very good looks","very_fair","","very_good",NA,"",0,0,0,0,942
148,FALSE,2,"HC",FALSE,1,"HCG-HI","HC",35000,"HI",67,21,"bachelors","bba",1,2,1,0,"govt. employee",0,1,0,0,0,"nm",0,0,"very fair, very good looks","very_fair","","very_good",NA,"",0,0,0,0,834
149,FALSE,2,"HC",FALSE,1,"HCG-HI","HC",35000,"HI",68,23,"bachelors","bba",1,1,1,0,"govt employee",0,1,0,0,0,"housewife",0,1,"Very fair,good look","very_fair","","good",NA,"",0,0,0,0,860
150,FALSE,2,"HC",TRUE,1,"HCG-HI","HC",35000,"HI",65,24,"masters","m.sc",0,1,1,1,"govt. employee",0,1,0,0,0,"retired",0,0,"very fair,good looks","very_fair","","good",NA,"flat owner",0,1,0,0,949
151,FALSE,2,"MC",FALSE,1,"HCG-HI","HC",35000,"HI",67,26,"bachelors","b.a",1,1,1,0,"business",0,0,0,1,0,"pvt employee",0,0,"very fair,good looks","very_fair","","good",NA,"flat, car owner",0,1,0,1,1263
152,FALSE,2,"HC",FALSE,1,"HCG-HI","HC",35000,"HI",63,25,"bachelors","b.sc",1,1,1,0,"Retired",0,0,0,0,1,"retired",0,0,"very fair,good looks","very_fair","","good",NA,"house owner",1,0,0,0,740
153,FALSE,2,"MC",TRUE,1,"HCG-HI","HC",35000,"HI",68,26,"masters","mba",2,1,1,1,"Retired",0,0,0,0,1,"retired",0,0,"very fair,medium looks","very_fair","","fair",NA,"flat owner",0,1,0,0,1351
154,FALSE,1,"LC",FALSE,2,"HCG-MI","HC",15000,"MI",62,26,"masters","m.a",0,1,1,1,"business",0,0,0,1,0,"housewife",0,1,"fair","fair","good looks","good",NA,"2 houses owner",1,0,0,0,306
155,FALSE,1,"MC",FALSE,2,"HCG-MI","HC",15000,"MI",65,25,"masters","m.sc",0,1,1,1,"govt employee",0,1,0,0,0,"housewife",0,1,"very fair","very_fair","good looks","good",NA,"car owner",0,0,0,1,619
156,FALSE,1,"HC",FALSE,2,"HCG-MI","HC",15000,"MI",63,27,"masters","m.a",2,1,1,0,"Retired",0,0,0,0,1,"housewife",0,1,"very fair","very_fair","",NA,NA,"car owner",0,0,0,1,153
157,FALSE,1,"HC",FALSE,2,"HCG-MI","HC",15000,"MI",64,28,"masters","m.a",0,2,2,0,"Business",0,0,0,1,0,"housewife",0,1,"fair","fair","Medium good looks","fair",NA,"father handicapped",0,0,0,0,194
158,FALSE,1,"HC",FALSE,2,"HCG-MI","HC",15000,"MI",63,22,"bachelors","b.a",1,1,1,1,"Retired",0,0,0,0,1,"housewife",0,1,"medium fair","medium_fair","good looks","good",NA,"father works part time",0,0,0,0,115
159,FALSE,1,"HC",FALSE,2,"HCG-MI","HC",15000,"MI",63,21,"masters","m.a",0,1,1,0,"Retired",0,0,0,0,1,"housewife",0,1,"medium fair","medium_fair","medium good looks","fair",NA,"flat owner",0,1,0,0,114
160,FALSE,1,"MC",TRUE,2,"HCG-MI","HC",15000,"MI",63,26,"masters","m.a",0,1,1,0,"Retired",0,0,0,0,1,"housewife",0,1,"very fair","very_fair","very good looks","very_good",NA,"flat owner",0,1,0,0,641
161,FALSE,1,"HC",FALSE,2,"HCG-MI","HC",15000,"MI",64,28,"masters","m.a",0,2,1,0,"govt. employee",0,1,0,0,0,"housewife",0,1,"fair","fair","good looks","good",NA,"flat owner",0,1,0,0,193
162,FALSE,1,"HC",TRUE,2,"HCG-MI","HC",15000,"MI",64,26,"masters","m.sc",0,1,1,1,"govt employee",0,1,0,0,0,"govt. employee",0,0,"very fair","very_fair","good looks","good",NA,"house car owner",1,0,0,1,240
163,FALSE,1,"HC",FALSE,2,"HCG-MI","HC",15000,"MI",63,28,"bachelors","b.a",NA,1,1,0,"Retired",0,0,0,0,1,"housewife",0,1,"very fair","very_fair","very good looks","very_good",NA,"house car owner",1,0,0,1,156
164,FALSE,1,"MC",FALSE,2,"HCG-MI","HC",15000,"MI",63,28,"masters","m.a",0,1,1,0,"Retired",0,0,0,0,1,"retired",0,0,"very fair","very_fair","very good looks","very_good",NA,"house car owner",1,0,0,1,586
165,FALSE,1,"MC",FALSE,2,"HCG-MI","HC",15000,"MI",62,24,"masters","mba",0,2,1,1,"Retired",0,0,0,0,1,"housewife",0,1,"very fair","very_fair","beautiful","very_good",NA,"house owner",1,0,0,0,503
166,FALSE,1,"HC",FALSE,2,"HCG-MI","HC",15000,"MI",62,25,"bachelors","b.sc",0,1,1,1,"govt employee",0,1,0,0,0,"housewife",0,1,"very fair","very_fair","good looks","good",NA,"house owner",1,0,0,0,77
167,FALSE,1,"HC",FALSE,2,"HCG-MI","HC",15000,"MI",NA,31,"bachelors","b.a",0,1,1,0,"business",0,0,0,1,0,"retired",0,0,"very fair","very_fair","good looks","good",NA,"house owner",1,0,0,0,216
168,FALSE,1,"MC",FALSE,2,"HCG-MI","HC",15000,"MI",62,24,"masters","m.sc",0,1,1,0,"business",0,0,0,1,0,"retired",0,0,"very fair","very_fair","good looks","good",NA,"house owner",1,0,0,0,501
169,FALSE,1,"MC",FALSE,2,"HCG-MI","HC",15000,"MI",61,24,"masters","m.a",0,2,1,0,"govt employee",0,1,0,0,0,"retired",0,0,"very fair","very_fair","good looks","good",NA,"house owner",1,0,0,0,460
170,FALSE,1,"HC",FALSE,2,"HCG-MI","HC",15000,"MI",59,30,"bachelors","b.sc",1,1,1,0,"Retired",0,0,0,0,1,"housewife",0,1,"fair","fair","medium looks","fair",NA,"house owner",1,0,0,0,8
171,FALSE,1,"MC",TRUE,2,"HCG-MI","HC",15000,"MI",64,26,"masters","m.sc",1,2,1,1,"Retired",0,0,0,0,1,"govt. employee",0,0,"fair","fair","medium looks","fair",NA,"house owner",1,0,0,0,645
172,FALSE,1,"HC",FALSE,2,"HCG-MI","HC",15000,"MI",NA,27,"masters","m.a",1,1,1,0,"business",0,0,0,1,0,"housewife",0,1,"medium fair","medium_fair","medium looks","fair",NA,"house owner",1,0,0,0,212
173,FALSE,1,"HC",FALSE,2,"HCG-MI","HC",15000,"MI",61,28,"bachelors","b.a",0,1,1,0,"govt employee",0,1,0,0,0,"housewife",0,1,"medium fair","medium_fair","medium looks","fair",NA,"house owner",1,0,0,0,44
174,FALSE,1,"MC",TRUE,2,"HCG-MI","HC",15000,"MI",62,21,"bachelors","b.a",0,1,1,0,"govt employee",0,1,0,0,0,"housewife",0,1,"medium fair","medium_fair","medium looks","fair",NA,"house owner",1,0,0,0,634
175,FALSE,1,"MC",TRUE,2,"HCG-MI","HC",15000,"MI",61,22,"bachelors","b.a",0,1,1,0,"govt employee",0,1,0,0,0,"housewife",0,1,"medium fair","medium_fair","medium looks","fair",NA,"house owner",1,0,0,0,629
176,FALSE,1,"HC",FALSE,2,"HCG-MI","HC",15000,"MI",63,22,"bachelors","b.a",1,1,1,0,"Retired",0,0,0,0,1,"housewife",0,1,"medium fair","medium_fair","medium looks","fair",NA,"house owner",1,0,0,0,116
177,FALSE,1,"MC",TRUE,2,"HCG-MI","HC",15000,"MI",63,25,"masters","m.sc",2,1,1,0,"business",0,0,0,1,0,"housewife",0,1,"medium fair","medium_fair","medium looks","fair",NA,"house owner",1,0,0,0,640
178,FALSE,1,"HC",FALSE,2,"HCG-MI","HC",15000,"MI",64,27,"bachelors","b.a",1,2,1,0,"Retired",0,0,0,0,1,"housewife",0,1,"medium fair","medium_fair","medium looks","fair",NA,"house owner",1,0,0,0,181
179,FALSE,1,"MC",TRUE,2,"HCG-MI","HC",15000,"MI",59,26,"masters","m.a",1,1,1,1,"Retired",0,0,0,0,1,"housewife",0,1,"poorly fair","fair","medium looks","fair",NA,"house owner",1,0,0,0,627
180,FALSE,1,"MC",FALSE,2,"HCG-MI","HC",15000,"MI",63,21,"bachelors","b.a",1,2,2,0,"Retired",0,0,0,0,1,"housewife",0,1,"very fair","very_fair","medium looks","fair",NA,"house owner",1,0,0,0,538
181,TRUE,1,"HC",FALSE,2,"HCG-MI","HC",15000,"MI",61,24,"masters","m.a",0,1,1,0,"Retired",0,0,0,0,1,"housewife",0,1,"very fair","very_fair","medium looks","fair",NA,"house owner",1,0,0,0,31
182,FALSE,1,"MC",FALSE,2,"HCG-MI","HC",15000,"MI",61,24,"masters","m.a",0,2,1,0,"Retired",0,0,0,0,1,"retired",0,0,"very fair","very_fair","medium looks","fair",NA,"house owner",1,0,0,0,459
183,FALSE,1,"MC",FALSE,2,"HCG-MI","HC",15000,"MI",61,27,"bachelors","b.a",0,1,1,0,"govt employee",0,1,0,0,0,"govt. employee",0,0,"very fair","very_fair","very good looks","very_good",NA,"house owner",1,0,0,0,469
184,FALSE,1,"MC",FALSE,2,"HCG-MI","HC",15000,"MI",61,31,"masters","m.d",0,2,1,1,"Retired",0,0,0,0,1,"housewife",0,1,"nm",NA,"",NA,360000,"house owner",1,0,0,0,476
185,FALSE,1,"HC",FALSE,2,"HCG-MI","HC",15000,"MI",61,26,"bachelors","b.com",3,1,1,0,"absent",1,0,0,0,0,"housewife",0,1,"nm",NA,"",NA,NA,"house owner",1,0,0,0,35
186,FALSE,1,"HC",FALSE,2,"HCG-MI","HC",15000,"MI",61,27,"bachelors","b.com",0,1,1,0,"Retired",0,0,0,0,1,"housewife",0,1,"fair","fair","medium looks","fair",NA,"house owner,flat owner",1,1,0,0,39
187,FALSE,1,"HC",FALSE,2,"HCG-MI","HC",15000,"MI",60,24,"bachelors","b.sc",0,1,1,0,"govt employee",0,1,0,0,0,"housewife",0,1,"fair","fair","good looks","good",NA,"",NA,NA,NA,NA,13
188,FALSE,1,"LC",FALSE,2,"HCG-MI","HC",15000,"MI",61,24,"bachelors","b.sc",0,1,1,0,"Retired",0,0,0,0,1,"housewife",0,1,"very fair","very_fair","good looks","good",NA,"",NA,NA,NA,NA,262
189,FALSE,1,"HC",FALSE,2,"HCG-MI","HC",15000,"MI",63,24,"masters","m.sc",0,1,1,1,"Retired",0,0,0,0,1,"housewife",0,1,"very fair","very_fair","good looks","good",NA,"",NA,NA,NA,NA,128
190,FALSE,1,"MC",FALSE,2,"HCG-MI","HC",15000,"MI",60,27,"masters","m.sc",1,3,1,1,"Retired",0,0,0,0,1,"housewife",0,1,"very fair","very_fair","good looks","good",NA,"",NA,NA,NA,NA,437
191,FALSE,1,"MC",FALSE,2,"HCG-MI","HC",15000,"MI",62,22,"bachelors","b.a",0,2,1,1,"Retired",0,0,0,0,1,"housewife",0,1,"fair","fair","medium looks","fair",NA,"",NA,NA,NA,NA,480
192,FALSE,1,"MC",FALSE,2,"HCG-MI","HC",15000,"MI",62,25,"masters","m.a",0,1,1,0,"business",0,0,0,1,0,"housewife",0,1,"fair","fair","medium looks","fair",NA,"",NA,NA,NA,NA,512
193,FALSE,1,"HC",FALSE,2,"HCG-MI","HC",15000,"MI",63,25,"masters","m.sc",0,1,1,0,"govt employee",0,1,0,0,0,"housewife",0,1,"fair","fair","medium looks","fair",NA,"",NA,NA,NA,NA,135
194,FALSE,1,"HC",FALSE,2,"HCG-MI","HC",15000,"MI",61,25,"masters","m.a",2,1,1,0,"pvt employee",0,0,1,0,0,"housewife",0,1,"fair","fair","medium looks","fair",NA,"",NA,NA,NA,NA,34
195,FALSE,1,"HC",FALSE,2,"HCG-MI","HC",15000,"MI",62,25,"bachelors","b.a",0,1,1,0,"Retired",0,0,0,0,1,"housewife",0,1,"fair","fair","medium looks","fair",NA,"",NA,NA,NA,NA,71
196,FALSE,1,"HC",FALSE,2,"HCG-MI","HC",15000,"MI",63,27,"bachelors","b.com",NA,1,1,0,"Retired",0,0,0,0,1,"housewife",0,1,"fair","fair","medium looks","fair",NA,"",NA,NA,NA,NA,148
197,FALSE,1,"HC",FALSE,2,"HCG-MI","HC",15000,"MI",64,26,"bachelors","b.sc",0,1,1,0,"Retired",0,0,0,0,1,"housewife",0,1,"fair","fair","medium looks","fair",NA,"",NA,NA,NA,NA,178
198,FALSE,1,"HC",TRUE,2,"HCG-MI","HC",15000,"MI",62,26,"masters","m.sc",1,1,1,0,"nm",0,0,0,0,0,"nm",0,0,"fair","fair","medium looks","fair",NA,"",NA,NA,NA,NA,232
199,FALSE,1,"MC",FALSE,2,"HCG-MI","HC",15000,"MI",63,27,"masters","m.a",1,1,1,1,"Retired",0,0,0,0,1,"housewife",0,1,"fair","fair","medium looks","fair",NA,"",NA,NA,NA,NA,584
200,FALSE,1,"HC",FALSE,2,"HCG-MI","HC",15000,"MI",64,26,"bachelors","b.a",1,1,1,1,"Retired",0,0,0,0,1,"housewife",0,1,"fair","fair","medium looks","fair",NA,"",NA,NA,NA,NA,176
201,FALSE,1,"HC",FALSE,2,"HCG-MI","HC",15000,"MI",63,27,"bachelors","b.a",0,1,1,1,"Retired",0,0,0,0,1,"housewife",0,1,"medium fair","medium_fair","medium looks","fair",NA,"",NA,NA,NA,NA,147
202,FALSE,1,"HC",FALSE,2,"HCG-MI","HC",15000,"MI",62,23,"masters","m.a",0,1,1,0,"Business",0,0,0,1,0,"housewife",0,1,"medium fair","medium_fair","medium looks","fair",NA,"",NA,NA,NA,NA,60
203,FALSE,1,"HC",FALSE,2,"HCG-MI","HC",15000,"MI",49,24,"masters","m.a",0,1,1,0,"govt employee",0,1,0,0,0,"housewife",0,1,"medium fair","medium_fair","medium looks","fair",NA,"",NA,NA,NA,NA,2
204,FALSE,1,"HC",FALSE,2,"HCG-MI","HC",15000,"MI",63,26,"masters","m.a",0,1,1,0,"govt employee",0,1,0,0,0,"housewife",0,1,"medium fair","medium_fair","medium looks","fair",NA,"",NA,NA,NA,NA,140
205,FALSE,1,"MC",FALSE,2,"HCG-MI","HC",15000,"MI",62,26,"masters","m.a",0,1,1,0,"govt employee",0,1,0,0,0,"housewife",0,1,"medium fair","medium_fair","medium looks","fair",NA,"",NA,NA,NA,NA,526
206,FALSE,1,"HC",FALSE,2,"HCG-MI","HC",15000,"MI",63,22,"masters","m.a",1,1,1,0,"Retired",0,0,0,0,1,"housewife",0,1,"medium fair","medium_fair","medium looks","fair",NA,"",NA,NA,NA,NA,119
207,FALSE,1,"HC",FALSE,2,"HCG-MI","HC",15000,"MI",60,26,"masters","m.a",1,1,1,0,"teacher",0,1,0,0,0,"housewife",0,1,"medium fair","medium_fair","medium looks","fair",NA,"",NA,NA,NA,NA,15
208,FALSE,1,"MC",TRUE,2,"HCG-MI","HC",15000,"MI",60,21,"bachelors","b.com",0,1,1,1,"Retired",0,0,0,0,1,"govt. employee",0,0,"medium fair","medium_fair","medium looks","fair",NA,"",NA,NA,NA,NA,628
209,FALSE,1,"HC",FALSE,2,"HCG-MI","HC",15000,"MI",60,27,"bachelors","b.com",0,1,1,1,"Retired",0,0,0,0,1,"housewife",0,1,"medium fair","medium_fair","medium looks","fair",NA,"",NA,NA,NA,NA,17
210,FALSE,1,"HC",FALSE,2,"HCG-MI","HC",15000,"MI",64,26,"bachelors","b.com",0,1,1,1,"Retired",0,0,0,0,1,"housewife",0,1,"very fair","very_fair","medium looks","fair",NA,"",NA,NA,NA,NA,177
211,FALSE,1,"HC",FALSE,2,"HCG-MI","HC",15000,"MI",61,24,"masters","m.a",1,1,1,0,"Retired",0,0,0,0,1,"housewife",0,1,"very fair","very_fair","medium looks","fair",NA,"",NA,NA,NA,NA,33
212,FALSE,1,"MC",FALSE,2,"HCG-MI","HC",15000,"MI",62,25,"masters","m.sc",1,1,1,0,"Retired",0,0,0,0,1,"housewife",0,1,"very fair","very_fair","medium looks","fair",NA,"",NA,NA,NA,NA,518
213,FALSE,1,"MC",FALSE,2,"HCG-MI","HC",15000,"MI",64,26,"masters","m.sc",0,2,1,1,"Retired",0,0,0,0,1,"housewife",0,1,"very fair","very_fair","medium looks","fair",NA,"",NA,NA,NA,NA,604
214,FALSE,1,"MC",FALSE,2,"HCG-MI","HC",15000,"MI",57,23,"masters","m.sc",1,1,1,1,"Retired",0,0,0,0,1,"housewife",0,1,"very fair","very_fair","medium looks","fair",NA,"",NA,NA,NA,NA,421
215,FALSE,1,"HC",FALSE,2,"HCG-MI","HC",15000,"MI",63,20,"bachelors","b.sc",1,2,1,0,"govt employee",0,1,0,0,0,"housewife",0,1,"medium fair","medium_fair","very good looks","very_good",NA,"",NA,NA,NA,NA,113
216,FALSE,1,"HC",TRUE,2,"HCG-MI","HC",15000,"MI",63,25,"masters","m.a",0,1,1,0,"Retired",0,0,0,0,1,"housewife",0,1,"very fair","very_fair","very good looks","very_good",NA,"",NA,NA,NA,NA,238
217,FALSE,1,"MC",FALSE,2,"HCG-MI","HC",15000,"MI",62,25,"masters","m.a",0,1,1,0,"nm",0,0,0,0,0,"retired",0,0,"very fair","very_fair","very good looks","very_good",NA,"",NA,NA,NA,NA,513
218,FALSE,1,"MC",FALSE,2,"HCG-MI","HC",15000,"MI",61,29,"bachelors","b.a",0,1,1,1,"govt employee",0,1,0,0,0,"housewife",0,1,"",NA,"good looks","good",NA,"",NA,NA,NA,NA,474
219,FALSE,1,"HC",FALSE,2,"HCG-MI","HC",15000,"MI",61,29,"bachelors","b.a",0,1,1,0,"govt employee",0,1,0,0,0,"housewife",0,1,"",NA,"good looks","good",NA,"",NA,NA,NA,NA,49
220,FALSE,1,"MC",FALSE,2,"HCG-MI","HC",15000,"MI",64,28,"masters","m.a",0,1,1,0,"nm",0,0,0,0,0,"govt. employee",0,0,"fair.","fair","Medium looks","fair",NA,"",NA,NA,NA,NA,613
221,FALSE,1,"HC",FALSE,2,"HCG-MI","HC",15000,"MI",64,27,"bachelors","b.a",NA,2,2,0,"govt employee",0,1,0,0,0,"housewife",0,1,"",NA,"medium looks","fair",NA,"",NA,NA,NA,NA,183
222,FALSE,1,"MC",FALSE,2,"HCG-MI","HC",15000,"MI",63,25,"masters","m.a",0,1,1,0,"govt employee",0,1,0,0,0,"housewife",0,1,"very fair","very_fair","very good looks","very_good",NA,"",NA,NA,NA,NA,560
223,FALSE,1,"HC",FALSE,2,"HCG-MI","HC",15000,"MI",65,25,"masters","m.a",1,1,1,0,"teacher",0,1,0,0,0,"housewife",0,1,"very fair","very_fair","very good looks","very_good",NA,"",NA,NA,NA,NA,199
224,FALSE,1,"HC",FALSE,2,"HCG-MI","HC",15000,"MI",65,25,"masters","m.sc",1,2,1,1,"govt employee",0,1,0,0,0,"housewife",0,1,"nm",NA,"",NA,NA,"",NA,NA,NA,NA,200
225,FALSE,1,"HC",TRUE,2,"HCG-MI","HC",15000,"MI",68,26,"masters","m.sc",0,1,1,1,"Retired",0,0,0,0,1,"housewife",0,1,"nm",NA,"",NA,20000,"",NA,NA,NA,NA,245
226,FALSE,1,"HC",FALSE,2,"HCG-MI","HC",15000,"MI",61,23,"bachelors","b.a",NA,1,1,0,"govt employee",0,1,0,0,0,"housewife",0,1,"nm",NA,"",NA,NA,"",NA,NA,NA,NA,24
227,FALSE,1,"HC",TRUE,2,"HCG-MI","HC",15000,"MI",62,25,"masters","m.sc",1,1,1,0,"Retired",0,0,0,0,1,"housewife",0,1,"nm",NA,"",NA,NA,"",NA,NA,NA,NA,231
228,FALSE,1,"HC",FALSE,2,"HCG-MI","HC",15000,"MI",NA,NA,NA,"",1,1,1,0,"Retired",0,0,0,0,1,"housewife",0,1,"nm",NA,"",NA,NA,"",NA,NA,NA,NA,217
229,FALSE,1,"HC",FALSE,2,"HCG-MI","HC",15000,"MI",62,25,"bachelors","b.a",1,1,1,0,"nm",0,0,0,0,0,"nm",0,0,"nm",NA,"",NA,NA,"",NA,NA,NA,NA,72
230,FALSE,1,"HC",FALSE,2,"HCG-MI","HC",15000,"MI",64,25,"masters","m.a",0,1,1,0,"Business",0,0,0,1,0,"housewife",0,1,"very fair","very_fair","",NA,NA,"",NA,NA,NA,NA,175
231,FALSE,1,"MC",FALSE,2,"HCG-MI","HC",15000,"MI",64,25,"masters","m.a",0,1,1,0,"Retired",0,0,0,0,1,"housewife",0,1,"very fair","very_fair","",NA,NA,"",NA,NA,NA,NA,598
232,FALSE,2,"HC",FALSE,2,"HCG-MI","HC",15000,"MI",61,25,"bachelors","b.a",0,1,1,0,"nm",0,0,0,0,0,"nm",0,0,"fair, good looks","fair","","good",NA,"land owner",0,0,1,0,687
233,FALSE,2,"HC",FALSE,2,"HCG-MI","HC",15000,"MI",69,23,"bachelors","b.sc",1,1,1,0,"absent",1,0,0,0,0,"housewife",0,1,"fair, medium looks","fair","","fair",NA,"house owner,flat owner",1,1,0,0,889
234,FALSE,2,"HC",FALSE,2,"HCG-MI","HC",15000,"MI",68,27,"masters","m.sc",0,1,1,0,"business",0,0,0,1,0,"housewife",0,1,"fair, medium looks","fair","","fair",NA,"travel business",0,0,0,0,877
235,FALSE,2,"HC",FALSE,2,"HCG-MI","HC",15000,"MI",68,23,"below_bachelors","h.s",1,2,1,0,"Retired",0,0,0,0,1,"housewife",0,1,"fair, medium looks","fair","","fair",NA,"",0,0,0,0,861
236,FALSE,2,"MC",FALSE,2,"HCG-MI","HC",15000,"MI",61,22,"bachelors","b.sc",1,1,1,0,"govt employee",0,1,0,0,0,"housewife",0,1,"fair,medium looks","fair","","fair",NA,"",0,0,0,0,1140
237,FALSE,2,"HC",FALSE,2,"HCG-MI","HC",15000,"MI",64,25,"bachelors","b.a",0,1,1,0,"Business",0,0,0,1,0,"teacher",0,0,"fair, good looks","fair","","good",NA,"sweet seller",0,0,0,0,769
238,FALSE,2,"HC",TRUE,2,"HCG-MI","HC",15000,"MI",68,25,"bachelors","b.sc",0,1,1,0,"govt employee",0,1,0,0,0,"housewife",0,1,"fair, good looks","fair","","good",NA,"",0,0,0,0,961
239,FALSE,2,"LC",FALSE,2,"HCG-MI","HC",15000,"MI",65,23,"masters","m.com",0,2,1,0,"govt employee",0,1,0,0,0,"housewife",0,1,"fair, good looks","fair","","good",NA,"",0,0,0,0,1030
240,FALSE,2,"HC",FALSE,2,"HCG-MI","HC",15000,"MI",66,23,"bachelors","b.a",1,1,1,0,"pvt employee",0,0,1,0,0,"housewife",0,1,"fair, good looks","fair","","good",NA,"",0,0,0,0,806
241,FALSE,2,"MC",FALSE,2,"HCG-MI","HC",15000,"MI",61,22,"bachelors","b.com",0,1,1,1,"Retired",0,0,0,0,1,"housewife",0,1,"fair, good looks","fair","","good",NA,"",0,0,0,0,1139
242,FALSE,2,"HC",FALSE,2,"HCG-MI","HC",15000,"MI",62,28,"masters","m.a",0,2,2,0,"Business",0,0,0,1,0,"housewife",0,1,"fair, Medium good looks","fair","","fair",NA,"brother handicapped",0,0,0,0,727
243,FALSE,2,"HC",FALSE,2,"HCG-MI","HC",15000,"MI",72,27,"masters","m.com",2,1,1,1,"pvt employee",0,0,1,0,0,"housewife",0,1,"fair, medium looks","fair","","fair",NA,"car owner",0,0,0,1,906
244,FALSE,2,"MC",FALSE,2,"HCG-MI","HC",15000,"MI",57,24,"bachelors","b.a",2,2,1,0,"govt employee",0,1,0,0,0,"housewife",0,1,"fair, medium looks","fair","","fair",NA,"",0,0,0,0,1128
245,FALSE,2,"HC",FALSE,2,"HCG-MI","HC",15000,"MI",68,22,"bachelors","b.sc",0,1,1,0,"pvt employee",0,0,1,0,0,"housewife",0,1,"fair, medium looks","fair","","fair",NA,"",0,0,0,0,857
246,FALSE,2,"HC",FALSE,2,"HCG-MI","HC",15000,"MI",60,24,"bachelors","b.com",1,1,1,0,"Retired",0,0,0,0,1,"housewife",0,1,"fair, medium looks","fair","","fair",NA,"",0,0,0,0,657
247,FALSE,2,"HC",FALSE,2,"HCG-MI","HC",15000,"MI",63,26,"bachelors","b.tech",1,1,1,0,"professor",0,1,0,0,0,"nm",0,0,"fair, medium looks","fair","","fair",NA,"",0,0,0,0,747
248,FALSE,2,"HC",FALSE,2,"HCG-MI","HC",15000,"MI",68,27,"bachelors","b.com",1,2,1,1,"absent",1,0,0,0,0,"housewife",0,1,"fair, medium looks","fair","","fair",NA,"",0,0,0,0,874
249,FALSE,2,"HC",FALSE,2,"HCG-MI","HC",15000,"MI",68,25,"bachelors","b.tech",2,2,1,1,"Retired",0,0,0,0,1,"housewife",0,1,"fair, medium looks","fair","","fair",NA,"",0,0,0,0,867
250,FALSE,2,"MC",TRUE,2,"HCG-MI","HC",15000,"MI",65,23,"masters","m.a",2,1,1,1,"Retired",0,0,0,0,1,"housewife",0,1,"fair, very good looks","fair","","very_good",NA,"flat owner",0,1,0,0,1329
251,FALSE,2,"HC",FALSE,2,"HCG-MI","HC",15000,"MI",68,30,"masters","m.a",0,2,1,0,"govt. employee",0,1,0,0,0,"housewife",0,1,"fair,good looks","fair","","good",NA,"flat owner",0,1,0,0,885
252,FALSE,2,"HC",TRUE,2,"HCG-MI","HC",15000,"MI",61,22,"bachelors","b.com",3,1,1,0,"govt employee",0,1,0,0,0,"business",0,0,"medium fair, fair looks","medium_fair","","fair",NA,"house owner",1,0,0,0,911
253,FALSE,2,"HC",TRUE,2,"HCG-MI","HC",15000,"MI",63,23,"masters","m.com",1,1,1,1,"Retired",0,0,0,0,1,"govt employee",0,0,"medium fair, good looks","medium_fair","","good",NA,"father works part time",0,0,0,0,933
254,FALSE,2,"MC",FALSE,2,"HCG-MI","HC",15000,"MI",60,23,"masters","m.sc",1,2,1,0,"govt employee",0,1,0,0,0,"retired",0,0,"medium fair, good looks","medium_fair","","good",NA,"house owner",1,0,0,0,1131
255,FALSE,2,"HC",FALSE,2,"HCG-MI","HC",15000,"MI",55,27,"masters","m.a",NA,1,1,0,"govt employee",0,1,0,0,0,"housewife",0,1,"medium fair, medium good looks","medium_fair","","fair",NA,"",0,0,0,0,649
256,FALSE,2,"LC",FALSE,2,"HCG-MI","HC",15000,"MI",67,25,"bachelors","b.a",1,1,1,0,"business",0,0,0,1,0,"housewife",0,1,"medium fair, medium looks","medium_fair","","fair",NA,"house owner",1,0,0,0,1059
257,FALSE,2,"HC",FALSE,2,"HCG-MI","HC",15000,"MI",64,25,"masters","m.a",1,1,1,0,"business",0,0,0,1,0,"housewife",0,1,"medium fair, medium looks","medium_fair","","fair",NA,"house owner",1,0,0,0,773
258,FALSE,2,"HC",FALSE,2,"HCG-MI","HC",15000,"MI",67,24,"bachelors","b.a",0,2,2,0,"govt employee",0,1,0,0,0,"housewife",0,1,"medium fair, medium looks","medium_fair","","fair",NA,"house owner",1,0,0,0,838
259,FALSE,2,"MC",FALSE,2,"HCG-MI","HC",15000,"MI",63,23,"bachelors","llb",1,1,1,1,"Retired",0,0,0,0,1,"housewife",0,1,"medium fair, medium looks","medium_fair","","fair",NA,"",0,0,0,0,1185
260,FALSE,2,"MC",FALSE,2,"HCG-MI","HC",15000,"MI",64,21,"bachelors","b.sc",0,1,1,0,"govt employee",0,1,0,0,0,"housewife",0,1,"medium fair, medium looks","medium_fair","","fair",NA,"",0,0,0,0,1201
261,FALSE,2,"HC",FALSE,2,"HCG-MI","HC",15000,"MI",60,26,"masters","m.a",0,1,1,0,"govt employee",0,1,0,0,0,"housewife",0,1,"medium fair, medium looks","medium_fair","","fair",NA,"",0,0,0,0,667
262,FALSE,2,"HC",FALSE,2,"HCG-MI","HC",15000,"MI",61,24,"masters","m,sc",1,1,1,0,"govt. employee",0,1,0,0,0,"housewife",0,1,"medium fair, medium looks","medium_fair","","fair",NA,"",0,0,0,0,683
263,FALSE,2,"HC",FALSE,2,"HCG-MI","HC",15000,"MI",64,25,"masters","m.ed",1,1,1,0,"pvt employee",0,0,1,0,0,"housewife",0,1,"medium fair, medium looks","medium_fair","","fair",NA,"",0,0,0,0,774
264,FALSE,2,"HC",FALSE,2,"HCG-MI","HC",15000,"MI",66,25,"bachelors","b.ed",0,1,1,0,"Retired",0,0,0,0,1,"housewife",0,1,"medium fair, medium looks","medium_fair","","fair",NA,"",0,0,0,0,819
265,FALSE,2,"HC",TRUE,2,"HCG-MI","HC",15000,"MI",66,26,"bachelors","b.a",0,1,1,0,"Retired",0,0,0,0,1,"pvt employee",0,0,"medium fair, medium looks","medium_fair","","fair",NA,"",0,0,0,0,955
266,FALSE,2,"HC",TRUE,2,"HCG-MI","HC",15000,"MI",72,24,"bachelors","b.com",0,1,1,1,"pvt employee",0,0,1,0,0,"housewife",0,1,"medium fair, medium looks","medium_fair","","fair",NA,"",0,0,0,0,972
267,FALSE,2,"MC",FALSE,2,"HCG-MI","HC",15000,"MI",63,28,"masters","m.a",0,1,1,1,"govt employee",0,1,0,0,0,"housewife",0,1,"medium fair, medium looks","medium_fair","","fair",NA,"",0,0,0,0,1199
268,FALSE,2,"HC",FALSE,2,"HCG-MI","HC",15000,"MI",54,24,"bachelors","b.sc",1,2,1,0,"govt employee",0,1,0,0,0,"housewife",0,1,"medium fair, very good looks","medium_fair","","very_good",NA,"",0,0,0,0,648
269,FALSE,2,"HC",FALSE,2,"HCG-MI","HC",15000,"MI",64,26,"masters","m.tech",1,2,1,0,"pvt employee",0,0,1,0,0,"absent",1,0,"medium fair/medium looks","medium_fair","","fair",NA,"",0,0,0,0,776
270,FALSE,2,"MC",TRUE,2,"HCG-MI","HC",15000,"MI",68,25,"bachelors","b.com",0,1,1,0,"govt employee",0,1,0,0,0,"nm",0,0,"medium fair/medium looks","medium_fair","","fair",NA,"",0,0,0,0,1347
271,FALSE,2,"HC",FALSE,2,"HCG-MI","HC",15000,"MI",66,23,"masters","m.a",1,2,1,0,"Retired",0,0,0,0,1,"housewife",0,1,"medium faoir, medium looks","medium_fair","","fair",NA,"house owner",1,0,0,0,809
272,FALSE,2,"HC",FALSE,2,"HCG-MI","HC",15000,"MI",63,27,"bachelors","b.a",1,2,2,0,"govt employee",0,1,0,0,0,"housewife",0,1,"medium looks",NA,"","fair",NA,"",0,0,0,0,749
273,FALSE,2,"HC",FALSE,2,"HCG-MI","HC",15000,"MI",64,27,"bachelors","b.sc",1,2,1,0,"Retired",0,0,0,0,1,"housewife",0,1,"medium looks",NA,"","fair",NA,"",0,0,0,0,778
274,FALSE,2,"HC",TRUE,2,"HCG-MI","HC",15000,"MI",64,22,"masters","m.sc",1,2,1,1,"govt employee",0,1,0,0,0,"housewife",0,1,"slim",NA,"",NA,NA,"",0,0,0,0,938
275,FALSE,2,"HC",FALSE,2,"HCG-MI","HC",15000,"MI",60,27,"masters","mtech",2,3,2,1,"Retired",0,0,0,0,1,"housewife",0,1,"very fair","very_fair","",NA,NA,"car owner",0,0,0,1,669
276,FALSE,2,"HC",FALSE,2,"HCG-MI","HC",15000,"MI",69,24,"masters","m.a",0,1,1,0,"Business",0,0,0,1,0,"retired",0,0,"very fair","very_fair","",NA,NA,"two cars",0,0,0,1,891
277,FALSE,2,"HC",FALSE,2,"HCG-MI","HC",15000,"MI",63,25,"masters","m.sc",0,1,1,0,"govt employee",0,1,0,0,0,"housewife",0,1,"very fair","very_fair","",NA,NA,"",0,0,0,0,741
278,FALSE,2,"HC",FALSE,2,"HCG-MI","HC",15000,"MI",68,28,"masters","m.sc",1,1,1,0,"Retired",0,0,0,0,1,"housewife",0,1,"very fair","very_fair","",NA,NA,"",0,0,0,0,882
279,FALSE,2,"LC",FALSE,2,"HCG-MI","HC",15000,"MI",63,22,"bachelors","b.sc",1,1,1,0,"govt employee",0,1,0,0,0,"retired",0,0,"very fair","very_fair","",NA,NA,"",0,0,0,0,1003
280,FALSE,2,"HC",FALSE,2,"HCG-MI","HC",15000,"MI",61,21,"bachelors","b.tech",1,1,1,0,"Retired",0,0,0,0,1,"housewife",0,1,"very fair, fair looks","very_fair","","fair",NA,"",0,0,0,0,673
281,FALSE,2,"HC",TRUE,2,"HCG-MI","HC",15000,"MI",62,26,"bachelors","b.a",0,1,1,0,"business",0,0,0,1,0,"absent",1,0,"very fair, good looks","very_fair","","good",NA,"car, house owner",1,0,0,1,924
282,FALSE,2,"HC",FALSE,2,"HCG-MI","HC",15000,"MI",67,25,"bachelors","b.a",0,1,1,0,"govt employee",0,1,0,0,0,"govt. employee",0,0,"very fair, good looks","very_fair","","good",NA,"house car owner",1,0,0,0,841
283,FALSE,2,"HC",FALSE,2,"HCG-MI","HC",15000,"MI",64,25,"bachelors","b.sc",0,1,1,1,"govt employee",0,1,0,0,0,"housewife",0,1,"very fair, good looks","very_fair","","good",NA,"house owner",1,0,0,0,771
284,FALSE,2,"LC",FALSE,2,"HCG-MI","HC",15000,"MI",60,28,"masters","mba",0,1,1,1,"govt employee",0,1,0,0,0,"housewife",0,1,"very fair, good looks","very_fair","","good",NA,"",0,0,0,0,981
285,FALSE,2,"HC",FALSE,2,"HCG-MI","HC",15000,"MI",66,27,"masters","m.sc",0,1,1,1,"Retired",0,0,0,0,1,"housewife",0,1,"very fair, good looks","very_fair","","good",NA,"",0,0,0,0,829
286,FALSE,2,"HC",TRUE,2,"HCG-MI","HC",15000,"MI",64,25,"masters","m.a",0,2,1,1,"govt employee",0,1,0,0,0,"housewife",0,1,"very fair, good looks","very_fair","","good",NA,"",0,0,0,0,941
287,FALSE,2,"MC",TRUE,2,"HCG-MI","HC",15000,"MI",64,26,"bachelors","b.sc",2,3,1,1,"Retired",0,0,0,0,1,"retired",0,0,"very fair, medium looks","very_fair","","fair",NA,"flat owner",0,1,0,0,1322
288,FALSE,2,"MC",TRUE,2,"HCG-MI","HC",15000,"MI",65,26,"bachelors","b.e",0,2,2,0,"govt employee",0,1,0,0,0,"housewife",0,1,"very fair, medium looks","very_fair","","fair",NA,"flat owner",0,1,0,0,1334
289,FALSE,2,"LC",FALSE,2,"HCG-MI","HC",15000,"MI",62,22,"masters","m.a",1,1,1,1,"Retired",0,0,0,0,1,"govt. employee",0,0,"very fair, medium looks","very_fair","","fair",NA,"flat,car owner",0,1,0,1,990
290,FALSE,2,"MC",FALSE,2,"HCG-MI","HC",15000,"MI",63,23,"bachelors","b.com",2,1,1,0,"Retired",0,0,0,0,1,"housewife",0,1,"very fair, medium looks","very_fair","","fair",NA,"house owner",1,0,0,0,1182
291,FALSE,2,"HC",FALSE,2,"HCG-MI","HC",15000,"MI",68,28,"bachelors","b.a",1,3,1,0,"govt. employee",0,1,0,0,0,"housewife",0,1,"very fair, medium looks","very_fair","","fair",NA,"",0,0,0,0,878
292,FALSE,2,"MC",FALSE,2,"HCG-MI","HC",15000,"MI",64,24,"masters","m.a",1,1,1,0,"nm",0,0,0,0,0,"housewife",0,1,"very fair, medium looks","very_fair","","fair",NA,"",0,0,0,0,1210
293,FALSE,2,"HC",FALSE,2,"HCG-MI","HC",15000,"MI",64,21,"bachelors","b.com",0,1,1,0,"Retired",0,0,0,0,1,"housewife",0,1,"very fair, medium looks","very_fair","","fair",NA,"",0,0,0,0,756
294,FALSE,2,"HC",FALSE,2,"HCG-MI","HC",15000,"MI",63,27,"bachelors","b.com",0,1,1,0,"Retired",0,0,0,0,1,"housewife",0,1,"very fair, medium looks","very_fair","","fair",NA,"",0,0,0,0,750
295,FALSE,2,"MC",TRUE,2,"HCG-MI","HC",15000,"MI",62,24,"masters","m.com",1,1,1,0,"business",0,0,0,1,0,"nm",0,0,"very fair, medium looks","very_fair","","fair",NA,"",0,0,0,0,1308
296,FALSE,2,"MC",FALSE,2,"HCG-MI","HC",15000,"MI",66,28,"masters","m.a",0,1,1,1,"Retired",0,0,0,0,1,"housewife",0,1,"very fair, medium looks","very_fair","","fair",NA,"",0,0,0,0,1249
297,FALSE,2,"HC",FALSE,2,"HCG-MI","HC",15000,"MI",65,24,"masters","m.a",1,1,1,1,"Retired",0,0,0,0,1,"govt. employee",0,0,"very fair, medium looks","very_fair","","fair",NA,"",0,0,0,0,789
298,FALSE,2,"HC",FALSE,2,"HCG-MI","HC",15000,"MI",57,24,"masters","m.a",2,1,1,0,"govt employee",0,1,0,0,0,"housewife",0,1,"very fair, very good looks","very_fair","","very_good",NA,"car owner",0,0,0,1,650
299,FALSE,2,"HC",FALSE,2,"HCG-MI","HC",15000,"MI",61,26,"bachelors","b.a",0,1,1,0,"Retired",0,0,0,0,1,"housewife",0,1,"very fair, very good looks","very_fair","","very_good",NA,"house owner",1,0,0,0,690
300,FALSE,2,"HC",FALSE,2,"HCG-MI","HC",15000,"MI",63,26,"masters","m.a",0,1,2,1,"Business",0,0,0,1,0,"absent",1,0,"very fair, very good looks","very_fair","","very_good",NA,"",0,0,0,0,748
301,FALSE,2,"HC",FALSE,2,"HCG-MI","HC",15000,"MI",61,24,"masters","m.sc",0,1,1,1,"govt employee",0,1,0,0,0,"housewife",0,1,"very fair, very good looks","very_fair","","very_good",18000,"",0,0,0,0,685
302,FALSE,2,"HC",FALSE,2,"HCG-MI","HC",15000,"MI",65,26,"bachelors","b.a",NA,1,1,0,"Business",0,0,0,1,0,"nm",0,0,"very fair, very good looks","very_fair","","very_good",NA,"",0,0,0,0,793
303,FALSE,2,"MC",FALSE,2,"HCG-MI","HC",15000,"MI",62,27,"masters","m.a",1,1,1,0,"business",0,0,0,1,0,"nm",0,0,"very fair,medium looks","very_fair","","fair",NA,"",0,0,0,0,1177
304,FALSE,2,"MC",FALSE,2,"HCG-MI","HC",15000,"MI",60,25,"masters","m.a",1,1,1,0,"govt employee",0,1,0,0,0,"housewife",0,1,"very fair,very good looks","very_fair","","very_good",NA,"flat owner",0,1,0,0,1132
305,FALSE,1,"HC",FALSE,3,"HCG-LI","HC",7000,"LI",62,27,"bachelors","b.e",0,2,1,1,"business",0,0,0,1,0,"housewife",0,1,"fair","fair","fair looks","fair",NA,"flat owner",0,1,0,0,91
306,FALSE,1,"HC",FALSE,3,"HCG-LI","HC",7000,"LI",61,27,"bachelors","b.com",1,2,1,1,"Retired",0,0,0,0,1,"housewife",0,1,"fair","fair","good looks","good",NA,"flat owner",0,1,0,0,41
307,FALSE,1,"HC",FALSE,3,"HCG-LI","HC",7000,"LI",63,26,"masters","m.a",0,2,1,0,"Retired",0,0,0,0,1,"housewife",0,1,"fair","fair","medium looks","fair",NA,"flat owner",0,1,0,0,142
308,FALSE,1,"MC",FALSE,3,"HCG-LI","HC",7000,"LI",63,22,"masters","m.a",NA,1,1,0,"Retired",0,0,0,0,1,"nm",0,0,"medium fair","medium_fair","medium looks","fair",NA,"flat owner",0,1,0,0,547
309,FALSE,1,"MC",FALSE,3,"HCG-LI","HC",7000,"LI",64,28,"masters","m.a",0,2,1,0,"govt. employee",0,1,0,0,0,"housewife",0,1,"fair","fair","good looks","good",NA,"flat owner",0,1,0,0,614
310,FALSE,1,"LC",FALSE,3,"HCG-LI","HC",7000,"LI",62,24,"bachelors","b.a",1,1,1,0,"Retired",0,0,0,0,1,"housewife",0,1,"very fair","very_fair","good looks","good",NA,"flat owner",0,1,0,0,288
311,FALSE,1,"MC",FALSE,3,"HCG-LI","HC",7000,"LI",64,23,"masters","m.a",NA,1,1,0,"Retired",0,0,0,0,1,"retired",0,0,"fair","fair","",NA,NA,"flat owner",0,1,0,0,595
312,FALSE,1,"HC",FALSE,3,"HCG-LI","HC",7000,"LI",62,25,"bachelors","b.a",NA,2,1,0,"Retired",0,0,0,0,1,"housewife",0,1,"fair","fair","medium looks","fair",NA,"flat owner, car owner",0,1,0,1,75
313,FALSE,1,"MC",TRUE,3,"HCG-LI","HC",7000,"LI",64,22,"bachelors","b.a",0,1,1,0,"govt employee",0,1,0,0,0,"housewife",0,1,"",NA,"medium looks","fair",NA,"house  owner",1,0,0,0,642
314,FALSE,1,"MC",FALSE,3,"HCG-LI","HC",7000,"LI",64,26,"masters","m.sc",0,1,1,1,"Retired",0,0,0,0,1,"housewife",0,1,"very fair","very_fair","good looks","good",NA,"house car owner",1,0,0,1,603
315,FALSE,1,"HC",TRUE,3,"HCG-LI","HC",7000,"LI",60,25,"bachelors","b.a",0,3,2,0,"Retired",0,0,0,0,1,"teacher",0,0,"fair","fair","fair looks","fair",NA,"house owner",1,0,0,0,218
316,FALSE,1,"HC",FALSE,3,"HCG-LI","HC",7000,"LI",64,27,"masters","m.tech",0,1,1,0,"Retired",0,0,0,0,1,"housewife",0,1,"medium fair","medium_fair","fair looks","fair",NA,"house owner",1,0,0,0,186
317,FALSE,1,"LC",FALSE,3,"HCG-LI","HC",7000,"LI",63,26,"masters","m.a",1,1,1,0,"Retired",0,0,0,0,1,"housewife",0,1,"fair","fair","good looks","good",NA,"house owner",1,0,0,0,344
318,FALSE,1,"MC",FALSE,3,"HCG-LI","HC",7000,"LI",62,25,"bachelors","b.sc",0,1,1,0,"govt employee",0,1,0,0,0,"housewife",0,1,"very fair","very_fair","good looks","good",NA,"house owner",1,0,0,0,509
319,FALSE,1,"HC",FALSE,3,"HCG-LI","HC",7000,"LI",63,23,"masters","m.a",0,2,1,0,"Retired",0,0,0,0,1,"housewife",0,1,"very fair","very_fair","good looks","good",NA,"house owner",1,0,0,0,123
320,FALSE,1,"HC",FALSE,3,"HCG-LI","HC",7000,"LI",61,27,"masters","m.a",NA,1,1,0,"business",0,0,0,1,0,"housewife",0,1,"fair","fair","medium looks","fair",NA,"house owner",1,0,0,0,43
321,FALSE,1,"MC",FALSE,3,"HCG-LI","HC",7000,"LI",63,23,"bachelors","b.a",0,1,1,1,"Retired",0,0,0,0,1,"retired",0,0,"very fair","very_fair","medium looks","fair",NA,"house owner",1,0,0,0,548
322,FALSE,1,"MC",FALSE,3,"HCG-LI","HC",7000,"LI",61,24,"bachelors","b.a",0,1,1,0,"Retired",0,0,0,0,1,"housewife",0,1,"very fair","very_fair","medium looks","fair",NA,"house owner",1,0,0,0,451
323,TRUE,1,"HC",FALSE,3,"HCG-LI","HC",7000,"LI",61,24,"masters","m.a",0,1,1,0,"Retired",0,0,0,0,1,"housewife",0,1,"very fair","very_fair","medium looks","fair",NA,"house owner",1,0,0,0,31
324,FALSE,1,"MC",FALSE,3,"HCG-LI","HC",7000,"LI",60,24,"masters","m.a",0,1,1,0,"Retired",0,0,0,0,1,"housewife",0,1,"very fair","very_fair","medium looks","fair",NA,"house owner",1,0,0,0,432
325,FALSE,1,"MC",FALSE,3,"HCG-LI","HC",7000,"LI",61,25,"masters","m.sc",1,1,1,0,"business",0,0,0,1,0,"retired",0,0,"very fair","very_fair","medium looks","fair",NA,"house owner",1,0,0,0,464
326,FALSE,1,"HC",FALSE,3,"HCG-LI","HC",7000,"LI",62,21,"masters","m.a",NA,1,1,0,"Retired",0,0,0,0,1,"housewife",0,1,"very fair","very_fair","very good looks","very_good",NA,"house owner",1,0,0,0,55
327,FALSE,1,"MC",FALSE,3,"HCG-LI","HC",7000,"LI",62,23,"masters","m.a",1,1,1,0,"Retired",0,0,0,0,1,"housewife",0,1,"very fair","very_fair","very good looks","very_good",NA,"house owner",1,0,0,0,489
328,FALSE,1,"LC",TRUE,3,"HCG-LI","HC",7000,"LI",63,26,"masters","m.a",0,1,1,0,"govt. employee",0,1,0,0,0,"housewife",0,1,"fair","fair","medium looks","fair",NA,"house owner",1,0,0,0,412
329,FALSE,1,"LC",TRUE,3,"HCG-LI","HC",7000,"LI",62,26,"bachelors","b.a",0,2,1,0,"govt. employee",0,1,0,0,0,"housewife",0,1,"fair","fair","",NA,NA,"house owner",1,0,0,0,406
330,FALSE,1,"LC",TRUE,3,"HCG-LI","HC",7000,"LI",60,26,"masters","m.sc",0,1,1,0,"Retired",0,0,0,0,1,"housewife",0,1,"fair","fair","",NA,NA,"house owner",1,0,0,0,399
331,FALSE,1,"LC",TRUE,3,"HCG-LI","HC",7000,"LI",63,27,"masters","m.phil",1,1,1,0,"Retired",0,0,0,0,1,"housewife",0,1,"nm",NA,"",NA,NA,"house owner",1,0,0,0,413
332,FALSE,1,"MC",TRUE,3,"HCG-LI","HC",7000,"LI",61,26,"bachelors","b.com",0,1,1,0,"business",0,0,0,1,0,"retired",0,0,"nm",NA,"",NA,NA,"house owner",1,0,0,0,633
333,FALSE,1,"MC",FALSE,3,"HCG-LI","HC",7000,"LI",61,27,"bachelors","b.com",0,1,1,0,"Retired",0,0,0,0,1,"housewife",0,1,"fair","fair","medium looks","fair",NA,"house owner,flat owner",1,1,0,0,470
334,FALSE,1,"LC",FALSE,3,"HCG-LI","HC",7000,"LI",64,28,"bachelors","b.sc",0,1,1,0,"business",0,0,0,1,0,"housewife",0,1,"Very fair","very_fair","good look","good",NA,"house, car owner",1,0,0,1,386
335,FALSE,1,"MC",FALSE,3,"HCG-LI","HC",7000,"LI",63,24,"masters","m.a",1,1,1,0,"Retired",0,0,0,0,1,"housewife",0,1,"very fair","very_fair","",NA,NA,"house, car owner",1,0,0,1,557
336,FALSE,1,"LC",FALSE,3,"HCG-LI","HC",7000,"LI",66,28,"masters","mba",0,1,1,1,"govt employee",0,1,0,0,0,"housewife",0,1,"very fair","very_fair","",NA,NA,"own house",1,0,0,0,394
337,FALSE,1,"LC",TRUE,3,"HCG-LI","HC",7000,"LI",62,29,"bachelors","b.a",0,1,1,1,"Retired",0,0,0,0,1,"housewife",0,1,"medium fair","medium_fair","medium looks","fair",NA,"sister in usa",0,0,0,0,409
338,FALSE,1,"HC",TRUE,3,"HCG-LI","HC",7000,"LI",62,23,"below_bachelors","h.s",1,2,1,0,"Retired",0,0,0,0,1,"nm",0,0,"fair","fair","fair looks","fair",NA,"",NA,NA,NA,NA,227
339,FALSE,1,"HC",TRUE,3,"HCG-LI","HC",7000,"LI",63,25,"bachelors","b.com",1,1,1,0,"Retired",0,0,0,0,1,"housewife",0,1,"fair","fair","good looks","good",NA,"",NA,NA,NA,NA,237
340,FALSE,1,"HC",FALSE,3,"HCG-LI","HC",7000,"LI",64,23,"bachelors","b.a",0,1,1,0,"nm",0,0,0,0,0,"nm",0,0,"fair","fair","good looks","good",NA,"",NA,NA,NA,NA,167
341,FALSE,1,"MC",FALSE,3,"HCG-LI","HC",7000,"LI",63,24,"masters","m.a",1,1,1,0,"govt employee",0,1,0,0,0,"housewife",0,1,"fair","fair","good looks","good",NA,"",NA,NA,NA,NA,558
342,FALSE,1,"LC",FALSE,3,"HCG-LI","HC",7000,"LI",62,25,"bachelors","b.sc",2,1,1,0,"govt. employee",0,1,0,0,0,"housewife",0,1,"fair","fair","good looks","good",NA,"",NA,NA,NA,NA,301
343,FALSE,1,"MC",FALSE,3,"HCG-LI","HC",7000,"LI",63,25,"masters","m.sc",0,1,1,0,"govt employee",0,1,0,0,0,"nm",0,0,"fair","fair","good looks","good",NA,"",NA,NA,NA,NA,564
344,FALSE,1,"MC",FALSE,3,"HCG-LI","HC",7000,"LI",63,22,"bachelors","b.a",0,2,1,1,"Retired",0,0,0,0,1,"housewife",0,1,"medium fair","medium_fair","good looks","good",NA,"",NA,NA,NA,NA,540
345,FALSE,1,"HC",FALSE,3,"HCG-LI","HC",7000,"LI",62,27,"masters","m.sc",1,1,1,0,"nm",0,0,0,0,0,"housewife",0,1,"medium fair","medium_fair","good looks","good",NA,"",NA,NA,NA,NA,97
346,FALSE,1,"MC",FALSE,3,"HCG-LI","HC",7000,"LI",64,24,"masters","m.com",0,3,2,0,"absent",1,0,0,0,0,"nm",0,0,"medium fair","medium_fair","good looks","good",NA,"",NA,NA,NA,NA,596
347,FALSE,1,"LC",FALSE,3,"HCG-LI","HC",7000,"LI",64,25,"masters","m.a",1,1,1,0,"absent",1,0,0,0,0,"retired",0,0,"very fair","very_fair","good looks","good",NA,"",NA,NA,NA,NA,375
348,FALSE,1,"HC",FALSE,3,"HCG-LI","HC",7000,"LI",61,24,"bachelors","b.a",1,2,1,0,"Retired",0,0,0,0,1,"housewife",0,1,"fair","fair","medium looks","fair",NA,"",NA,NA,NA,NA,27
349,FALSE,1,"LC",TRUE,3,"HCG-LI","HC",7000,"LI",61,26,"bachelors","b.a",1,1,1,0,"govt employee",0,1,0,0,0,"govt. employee",0,0,"fair","fair","medium looks","fair",NA,"",NA,NA,NA,NA,401
350,FALSE,1,"MC",TRUE,3,"HCG-LI","HC",7000,"LI",64,26,"bachelors","b.sc",0,1,1,0,"business",0,0,0,1,0,"housewife",0,1,"fair","fair","medium looks","fair",NA,"",NA,NA,NA,NA,644
351,FALSE,1,"MC",FALSE,3,"HCG-LI","HC",7000,"LI",61,23,"masters","m.a",2,2,2,0,"govt employee",0,1,0,0,0,"housewife",0,1,"fair","fair","medium looks","fair",NA,"",NA,NA,NA,NA,450
352,FALSE,1,"HC",FALSE,3,"HCG-LI","HC",7000,"LI",63,25,"bachelors","b.com",1,2,1,0,"nm",0,0,0,0,0,"housewife",0,1,"fair","fair","medium looks","fair",NA,"",NA,NA,NA,NA,131
353,FALSE,1,"HC",FALSE,3,"HCG-LI","HC",7000,"LI",62,24,"bachelors","b.a",NA,1,1,0,"Retired",0,0,0,0,1,"housewife",0,1,"fair","fair","medium looks","fair",NA,"",NA,NA,NA,NA,64
354,FALSE,1,"HC",FALSE,3,"HCG-LI","HC",7000,"LI",62,24,"masters","m.a",NA,1,1,0,"nm",0,0,0,0,0,"nm",0,0,"fair","fair","medium looks","fair",NA,"",NA,NA,NA,NA,69
355,FALSE,1,"HC",FALSE,3,"HCG-LI","HC",7000,"LI",62,29,"bachelors","llb",1,2,1,1,"Retired",0,0,0,0,1,"housewife",0,1,"medium fair","medium_fair","medium looks","fair",NA,"",NA,NA,NA,NA,105
356,FALSE,1,"HC",FALSE,3,"HCG-LI","HC",7000,"LI",61,28,"bachelors","b.sc",1,1,1,0,"Retired",0,0,0,0,1,"housewife",0,1,"medium fair","medium_fair","medium looks","fair",NA,"",NA,NA,NA,NA,46
357,FALSE,1,"HC",TRUE,3,"HCG-LI","HC",7000,"LI",62,30,"masters","m.a",1,2,1,0,"Retired",0,0,0,0,1,"housewife",0,1,"medium fair","medium_fair","medium looks","fair",NA,"",NA,NA,NA,NA,233
358,FALSE,1,"MC",FALSE,3,"HCG-LI","HC",7000,"LI",63,27,"masters","m.phil",0,1,1,0,"Retired",0,0,0,0,1,"housewife",0,1,"medium fair","medium_fair","medium looks","fair",NA,"",NA,NA,NA,NA,585
359,FALSE,1,"MC",TRUE,3,"HCG-LI","HC",7000,"LI",61,24,"masters","m.a",1,1,1,0,"teacher",0,1,0,0,0,"housewife",0,1,"medium fair","medium_fair","medium looks","fair",NA,"",NA,NA,NA,NA,631
360,FALSE,1,"HC",FALSE,3,"HCG-LI","HC",7000,"LI",64,27,"bachelors","b.a",1,2,2,0,"nm",0,0,0,0,0,"nm",0,0,"medium fair","medium_fair","medium looks","fair",NA,"",NA,NA,NA,NA,182
361,FALSE,1,"MC",FALSE,3,"HCG-LI","HC",7000,"LI",63,26,"masters","m.a",0,1,1,0,"govt employee",0,1,0,0,0,"retired",0,0,"medium fair","medium_fair","medium looks","fair",NA,"",NA,NA,NA,NA,574
362,FALSE,1,"MC",FALSE,3,"HCG-LI","HC",7000,"LI",62,24,"masters","m.sc",0,2,1,0,"nm",0,0,0,0,0,"housewife",0,1,"poorly fair","fair","medium looks","fair",NA,"",NA,NA,NA,NA,502
363,FALSE,1,"MC",FALSE,3,"HCG-LI","HC",7000,"LI",60,22,"bachelors","b.com",0,1,1,0,"govt employee",0,1,0,0,0,"housewife",0,1,"very fair","very_fair","medium looks","fair",NA,"",NA,NA,NA,NA,427
364,FALSE,1,"HC",FALSE,3,"HCG-LI","HC",7000,"LI",61,24,"bachelors","b.sc",1,1,1,0,"govt employee",0,1,0,0,0,"housewife",0,1,"very fair","very_fair","medium looks","fair",NA,"",NA,NA,NA,NA,29
365,FALSE,1,"HC",FALSE,3,"HCG-LI","HC",7000,"LI",64,23,"bachelors","b.a",1,3,2,0,"Retired",0,0,0,0,1,"housewife",0,1,"very fair","very_fair","medium looks","fair",NA,"",NA,NA,NA,NA,168
366,FALSE,1,"HC",FALSE,3,"HCG-LI","HC",7000,"LI",61,22,"bachelors","b.com",0,1,1,0,"Retired",0,0,0,0,1,"housewife",0,1,"very fair","very_fair","medium looks","fair",NA,"",NA,NA,NA,NA,22
367,FALSE,1,"MC",FALSE,3,"HCG-LI","HC",7000,"LI",64,23,"bachelors","b.com",0,2,2,0,"Retired",0,0,0,0,1,"housewife",0,1,"very fair","very_fair","medium looks","fair",NA,"",NA,NA,NA,NA,590
368,FALSE,1,"MC",FALSE,3,"HCG-LI","HC",7000,"LI",61,24,"masters","m.a",NA,2,1,0,"Retired",0,0,0,0,1,"housewife",0,1,"very fair","very_fair","medium looks","fair",NA,"",NA,NA,NA,NA,462
369,FALSE,1,"LC",FALSE,3,"HCG-LI","HC",7000,"LI",62,24,"masters","m.sc",0,1,1,0,"Retired",0,0,0,0,1,"housewife",0,1,"very fair","very_fair","medium looks","fair",NA,"",NA,NA,NA,NA,293
370,FALSE,1,"MC",FALSE,3,"HCG-LI","HC",7000,"LI",NA,24,NA,"",0,1,1,0,"Retired",0,0,0,0,1,"retired",0,0,"very fair","very_fair","medium looks","fair",NA,"",NA,NA,NA,NA,625
371,FALSE,1,"HC",FALSE,3,"HCG-LI","HC",7000,"LI",61,28,"masters","m.a",1,2,2,1,"Retired",0,0,0,0,1,"housewife",0,1,"very fair","very_fair","medium looks","fair",NA,"",NA,NA,NA,NA,48
372,FALSE,1,"HC",FALSE,3,"HCG-LI","HC",7000,"LI",63,25,"bachelors","b.a",0,2,1,0,"Retired",0,0,0,0,1,"housewife",0,1,"",NA,"very good looks","very_good",NA,"",NA,NA,NA,NA,129
373,FALSE,1,"HC",FALSE,3,"HCG-LI","HC",7000,"LI",62,23,"masters","m.a",NA,2,1,0,"nm",0,0,0,0,0,"housewife",0,1,"medium fair","medium_fair","very good looks","very_good",NA,"",NA,NA,NA,NA,62
374,FALSE,1,"MC",FALSE,3,"HCG-LI","HC",7000,"LI",63,21,"bachelors","b.a",1,1,1,1,"govt employee",0,1,0,0,0,"housewife",0,1,"very fair","very_fair","very good looks","very_good",NA,"",NA,NA,NA,NA,537
375,FALSE,1,"HC",FALSE,3,"HCG-LI","HC",7000,"LI",62,26,"masters","m.a",0,2,2,1,"Retired",0,0,0,0,1,"housewife",0,1,"very fair","very_fair","very good looks","very_good",NA,"",NA,NA,NA,NA,86
376,FALSE,1,"LC",FALSE,3,"HCG-LI","HC",7000,"LI",60,26,"masters","mba",1,1,1,1,"Retired",0,0,0,0,1,"teacher",0,0,"Very fair","very_fair","good look","good",2e+05,"",NA,NA,NA,NA,254
377,FALSE,1,"HC",FALSE,3,"HCG-LI","HC",7000,"LI",62,30,"bachelors","b.a",1,2,2,0,"Retired",0,0,0,0,1,"housewife",0,1,"fair","fair","good looks","good",NA,"",NA,NA,NA,NA,107
378,FALSE,1,"HC",FALSE,3,"HCG-LI","HC",7000,"LI",62,22,"below_bachelors","madhyamik",NA,1,1,0,"nm",0,0,0,0,0,"nm",0,0,"",NA,"good looks","good",NA,"",NA,NA,NA,NA,56
379,FALSE,1,"HC",FALSE,3,"HCG-LI","HC",7000,"LI",63,27,"bachelors","b.sc",0,1,1,0,"Retired",0,0,0,0,1,"housewife",0,1,"fair","fair","medium looks","fair",NA,"",NA,NA,NA,NA,149
380,FALSE,1,"HC",FALSE,3,"HCG-LI","HC",7000,"LI",63,26,"masters","m.a",1,1,1,0,"Retired",0,0,0,0,1,"housewife",0,1,"fair","fair","medium looks","fair",NA,"",NA,NA,NA,NA,143
381,FALSE,1,"HC",FALSE,3,"HCG-LI","HC",7000,"LI",61,24,"bachelors","b.a",0,1,1,0,"Retired",0,0,0,0,1,"housewife",0,1,"medium fair/","medium_fair","medium looks","fair",NA,"",NA,NA,NA,NA,26
382,FALSE,1,"HC",FALSE,3,"HCG-LI","HC",7000,"LI",64,26,"bachelors","b.sc",NA,1,1,0,"nm",0,0,0,0,0,"nm",0,0,"very fair","very_fair","medium looks","fair",NA,"",NA,NA,NA,NA,179
383,FALSE,1,"HC",FALSE,3,"HCG-LI","HC",7000,"LI",63,25,"masters","m.a",1,1,1,0,"govt employee",0,1,0,0,0,"housewife",0,1,"very fair","very_fair","very good looks","very_good",NA,"",NA,NA,NA,NA,133
384,FALSE,1,"HC",FALSE,3,"HCG-LI","HC",7000,"LI",64,27,"masters","m.tech",NA,2,1,0,"Retired",0,0,0,0,1,"retired",0,0,"fair","fair","",NA,NA,"",NA,NA,NA,NA,188
385,FALSE,1,"LC",FALSE,3,"HCG-LI","HC",7000,"LI",64,23,"bachelors","b.a",0,1,1,0,"Retired",0,0,0,0,1,"housewife",0,1,"medium fair","medium_fair","",NA,NA,"",NA,NA,NA,NA,358
386,FALSE,1,"HC",FALSE,3,"HCG-LI","HC",7000,"LI",62,25,"bachelors","b.tech",2,2,2,1,"nm",0,0,0,0,0,"teacher",0,0,"nm",NA,"",NA,NA,"",NA,NA,NA,NA,79
387,FALSE,1,"LC",TRUE,3,"HCG-LI","HC",7000,"LI",64,28,"bachelors","b.sc",0,2,1,1,"Retired",0,0,0,0,1,"govt. employee",0,0,"nm",NA,"",NA,NA,"",NA,NA,NA,NA,417
388,FALSE,1,"HC",FALSE,3,"HCG-LI","HC",7000,"LI",57,22,"bachelors","b.com",0,2,2,0,"Retired",0,0,0,0,1,"housewife",0,1,"nm",NA,"",NA,NA,"",NA,NA,NA,NA,5
389,FALSE,1,"MC",TRUE,3,"HCG-LI","HC",7000,"LI",62,23,"below_bachelors","h.s",0,1,1,0,"business",0,0,0,1,0,"nm",0,0,"nm",NA,"",NA,NA,"",NA,NA,NA,NA,636
390,FALSE,1,"LC",TRUE,3,"HCG-LI","HC",7000,"LI",63,24,"bachelors","b.a",0,1,1,0,"Retired",0,0,0,0,1,"teacher",0,0,"nm",NA,"",NA,NA,"",NA,NA,NA,NA,410
391,FALSE,1,"LC",FALSE,3,"HCG-LI","HC",7000,"LI",61,27,"bachelors","b.sc",0,1,1,1,"govt employee",0,1,0,0,0,"housewife",0,1,"very fair","very_fair","",NA,110000,"",NA,NA,NA,NA,278
392,FALSE,1,"LC",FALSE,3,"HCG-LI","HC",7000,"LI",63,23,"bachelors","b.a",0,1,1,0,"pvt employee",0,0,1,0,0,"housewife",0,1,"very fair","very_fair","",NA,NA,"",NA,NA,NA,NA,324
393,FALSE,2,"HC",FALSE,3,"HCG-LI","HC",7000,"LI",60,25,"masters","mba",2,2,2,1,"Retired",0,0,0,0,1,"housewife",0,1,"fair, fair looks","fair","","fair",NA,"",0,0,0,0,665
394,FALSE,2,"HC",FALSE,3,"HCG-LI","HC",7000,"LI",63,23,"bachelors","b.a",1,3,2,0,"Retired",0,0,0,0,1,"housewife",0,1,"fair, fair looks","fair","","fair",NA,"",0,0,0,0,734
395,FALSE,2,"HC",FALSE,3,"HCG-LI","HC",7000,"LI",69,24,"masters","m.sc",1,2,1,0,"Retired",0,0,0,0,1,"housewife",0,1,"fair, fair looks","fair","","fair",NA,"",0,0,0,0,892
396,FALSE,2,"MC",FALSE,3,"HCG-LI","HC",7000,"LI",62,25,"bachelors","b.com",1,1,1,0,"govt employee",0,1,0,0,0,"housewife",0,1,"fair, good looks","fair","","good",NA,"house owner",1,0,0,0,1169
397,FALSE,2,"HC",FALSE,3,"HCG-LI","HC",7000,"LI",65,28,"bachelors","b.sc",1,1,1,0,"Retired",0,0,0,0,1,"housewife",0,1,"fair, good looks","fair","","good",NA,"house owner",1,0,0,0,801
398,FALSE,2,"HC",FALSE,3,"HCG-LI","HC",7000,"LI",60,25,"bachelors","b.com",1,1,1,0,"Retired",0,0,0,0,1,"housewife",0,1,"fair, good looks","fair","","good",NA,"",0,0,0,0,659
399,FALSE,2,"HC",FALSE,3,"HCG-LI","HC",7000,"LI",67,26,"bachelors","b.sc",1,2,1,0,"Retired",0,0,0,0,1,"housewife",0,1,"fair, medium looks","fair","","fair",NA,"flat owner",0,1,0,0,848
400,FALSE,2,"HC",FALSE,3,"HCG-LI","HC",7000,"LI",63,25,"bachelors","b.a",2,1,1,0,"Retired",0,0,0,0,1,"housewife",0,1,"fair, medium looks","fair","","fair",NA,"flat owner, car owner",0,1,0,1,738
401,FALSE,2,"LC",FALSE,3,"HCG-LI","HC",7000,"LI",67,26,"masters","m.a",1,1,1,0,"govt employee",0,1,0,0,0,"housewife",0,1,"fair, medium looks","fair","","fair",NA,"",0,0,0,0,1061
402,FALSE,2,"MC",FALSE,3,"HCG-LI","HC",7000,"LI",61,24,"masters","m.a",1,2,2,0,"govt employee",0,1,0,0,0,"housewife",0,1,"fair, medium looks","fair","","fair",NA,"",0,0,0,0,1147
403,FALSE,2,"HC",FALSE,3,"HCG-LI","HC",7000,"LI",65,23,"bachelors","b.a",2,1,1,0,"Retired",0,0,0,0,1,"housewife",0,1,"fair, medium looks","fair","","fair",NA,"",0,0,0,0,784
404,FALSE,2,"HC",FALSE,3,"HCG-LI","HC",7000,"LI",66,25,"bachelors","b.a",3,1,1,0,"Retired",0,0,0,0,1,"housewife",0,1,"fair, medium looks","fair","","fair",NA,"",0,0,0,0,817
405,FALSE,2,"MC",FALSE,3,"HCG-LI","HC",7000,"LI",67,NA,"bachelors","b.a",0,1,1,0,"Retired",0,0,0,0,1,"housewife",0,1,"fair, medium looks","fair","","fair",NA,"",0,0,0,0,1269
406,FALSE,2,"HC",FALSE,3,"HCG-LI","HC",7000,"LI",64,25,"masters","m.a",0,1,1,0,"Retired",0,0,0,0,1,"housewife",0,1,"fair, medium looks","fair","","fair",NA,"",0,0,0,0,772
407,FALSE,2,"HC",FALSE,3,"HCG-LI","HC",7000,"LI",60,25,"masters","m.a",2,1,1,0,"Retired",0,0,0,0,1,"housewife",0,1,"fair, medium looks","fair","","fair",NA,"",0,0,0,0,664
408,FALSE,2,"HC",FALSE,3,"HCG-LI","HC",7000,"LI",66,22,"bachelors","b.a",2,1,1,0,"Retired",0,0,0,0,1,"retired",0,0,"fair, medium looks","fair","","fair",NA,"",0,0,0,0,805
409,FALSE,2,"MC",FALSE,3,"HCG-LI","HC",7000,"LI",67,28,"masters","m.sc",0,1,1,1,"Retired",0,0,0,0,1,"housewife",0,1,"fair, medium looks","fair","","fair",NA,"",0,0,0,0,1266
410,FALSE,2,"LC",FALSE,3,"HCG-LI","HC",7000,"LI",66,23,"bachelors","b.a",0,1,1,0,"absent",1,0,0,0,0,"housewife",0,1,"fair, very good looks","fair","","very_good",NA,"car, flat owner",0,1,0,1,1039
411,FALSE,2,"MC",TRUE,3,"HCG-LI","HC",7000,"LI",60,21,"bachelors","b.com",1,1,1,0,"business",0,0,0,1,0,"housewife",0,1,"fair, very good looks","fair","","very_good",NA,"",0,0,0,0,1292
412,FALSE,2,"HC",FALSE,3,"HCG-LI","HC",7000,"LI",68,24,"masters","m.a",1,1,1,0,"Retired",0,0,0,0,1,"housewife",0,1,"fair,fair looks","fair","","fair",NA,"",0,0,0,0,864
413,FALSE,2,"HC",FALSE,3,"HCG-LI","HC",7000,"LI",62,27,"bachelors","b.sc",0,1,1,0,"Retired",0,0,0,0,1,"housewife",0,1,"fair,medium looks","fair","","fair",NA,"",0,0,0,0,723
414,FALSE,2,"MC",TRUE,3,"HCG-LI","HC",7000,"LI",64,24,"masters","m.a",1,1,1,0,"Retired",0,0,0,0,1,"housewife",0,1,"fair,medium looks","fair","","fair",NA,"",0,0,0,0,1319
415,FALSE,2,"HC",FALSE,3,"HCG-LI","HC",7000,"LI",62,21,"below_bachelors","madhyamik",1,1,1,0,"Retired",0,0,0,0,1,"housewife",0,1,"fair,medium looks","fair","","fair",NA,"",0,0,0,0,702
416,FALSE,2,"HC",FALSE,3,"HCG-LI","HC",7000,"LI",62,30,"masters","m.a",1,1,1,0,"Retired",0,0,0,0,1,"housewife",0,1,"fair","fair","",NA,NA,"",0,0,0,0,729
417,FALSE,2,"HC",FALSE,3,"HCG-LI","HC",7000,"LI",66,27,"bachelors","b.e",0,2,1,1,"business",0,0,0,1,0,"retired",0,0,"fair, fair looks","fair","","fair",NA,"flat owner",0,1,0,0,828
418,FALSE,2,"HC",FALSE,3,"HCG-LI","HC",7000,"LI",66,NA,"bachelors","b.a",1,2,2,0,"Retired",0,0,0,0,1,"housewife",0,1,"fair, fair looks","fair","","fair",NA,"",0,0,0,0,832
419,FALSE,2,"HC",FALSE,3,"HCG-LI","HC",7000,"LI",68,24,"bachelors","b.com",2,1,1,0,"Retired",0,0,0,0,1,"housewife",0,1,"fair, fair looks","fair","","fair",NA,"",0,0,0,0,863
420,FALSE,2,"HC",FALSE,3,"HCG-LI","HC",7000,"LI",62,27,"bachelors","b.com",1,2,1,1,"Retired",0,0,0,0,1,"housewife",0,1,"fair, good looks","fair","","good",NA,"flat owner",0,1,0,0,721
421,FALSE,2,"LC",FALSE,3,"HCG-LI","HC",7000,"LI",65,25,"bachelors","b.sc",2,1,1,0,"govt employee",0,1,0,0,0,"govt. employee",0,0,"fair, good looks","fair","","good",NA,"land owner",0,0,1,0,1032
422,FALSE,2,"MC",TRUE,3,"HCG-LI","HC",7000,"LI",56,25,"bachelors","b.com",0,1,1,0,"Retired",0,0,0,0,1,"housewife",0,1,"fair, good looks","fair","","good",NA,"",0,0,0,0,1291
423,FALSE,2,"MC",TRUE,3,"HCG-LI","HC",7000,"LI",64,25,"bachelors","b.sc",1,1,1,0,"Retired",0,0,0,0,1,"housewife",0,1,"fair, medium looks","fair","","fair",NA,"flat owner",0,1,0,0,1321
424,FALSE,2,"MC",FALSE,3,"HCG-LI","HC",7000,"LI",65,21,"masters","m.com",1,1,1,1,"pvt employee",0,0,1,0,0,"housewife",0,1,"fair, medium looks","fair","","fair",NA,"",0,0,0,0,1220
425,FALSE,2,"HC",FALSE,3,"HCG-LI","HC",7000,"LI",67,23,"bachelors","b.a",2,2,2,0,"Retired",0,0,0,0,1,"housewife",0,1,"fair, medium looks","fair","","fair",NA,"",0,0,0,0,835
426,FALSE,2,"HC",FALSE,3,"HCG-LI","HC",7000,"LI",69,28,"bachelors","b.com",1,1,1,0,"Retired",0,0,0,0,1,"housewife",0,1,"fair, medium looks","fair","","fair",NA,"",0,0,0,0,898
427,FALSE,2,"HC",FALSE,3,"HCG-LI","HC",7000,"LI",66,28,"bachelors","b.com",0,1,1,1,"Retired",0,0,0,0,1,"housewife",0,1,"fair, medium looks","fair","","fair",NA,"",0,0,0,0,830
428,FALSE,2,"LC",FALSE,3,"HCG-LI","HC",7000,"LI",69,23,"bachelors","b.a",0,1,1,0,"absent",1,0,0,0,0,"govt employee",0,0,"fair, very good looks","fair","","very_good",NA,"house owner",1,0,0,0,1077
429,FALSE,2,"LC",TRUE,3,"HCG-LI","HC",7000,"LI",67,26,"masters","m.a",1,2,1,0,"Retired",0,0,0,0,1,"absent",1,0,"fair, very good looks","fair","","very_good",NA,"",0,0,0,0,1116
430,FALSE,2,"HC",TRUE,3,"HCG-LI","HC",7000,"LI",69,30,"bachelors","b.a",1,2,2,0,"Retired",0,0,0,0,1,"housewife",0,1,"fair,good looks","fair","","good",NA,"",0,0,0,0,970
431,FALSE,2,"HC",FALSE,3,"HCG-LI","HC",7000,"LI",66,26,"bachelors","b.sc",1,1,1,0,"Retired",0,0,0,0,1,"housewife",0,1,"fair,medium looks","fair","","fair",NA,"",0,0,0,0,825
432,FALSE,2,"MC",FALSE,3,"HCG-LI","HC",7000,"LI",61,23,"bachelors","b.com",1,1,1,0,"govt employee",0,1,0,0,0,"housewife",0,1,"medium fair","medium_fair","",NA,NA,"",0,0,0,0,1142
433,FALSE,2,"HC",FALSE,3,"HCG-LI","HC",7000,"LI",63,23,"below_bachelors","h.s",0,3,2,0,"govt employee",0,1,0,0,0,"housewife",0,1,"medium fair","medium_fair","",NA,NA,"",0,0,0,0,735
434,FALSE,2,"HC",TRUE,3,"HCG-LI","HC",7000,"LI",65,24,"bachelors","b.a",0,1,1,0,"Retired",0,0,0,0,1,"housewife",0,1,"medium fair, fair looks","medium_fair","","fair",NA,"house owner",1,0,0,0,946
435,FALSE,2,"HC",FALSE,3,"HCG-LI","HC",7000,"LI",64,27,"masters","m.tech",0,1,1,0,"Retired",0,0,0,0,1,"housewife",0,1,"medium fair, fair looks","medium_fair","","fair",NA,"house owner",1,0,0,0,779
436,FALSE,2,"LC",FALSE,3,"HCG-LI","HC",7000,"LI",69,26,"bachelors","b.a",0,1,1,0,"pvt employee",0,0,1,0,0,"govt employee",0,0,"medium fair, good looks","medium_fair","","good",NA,"car, flat owner",0,1,0,1,1083
437,FALSE,2,"LC",FALSE,3,"HCG-LI","HC",7000,"LI",65,23,"masters","m.a",0,1,1,0,"Retired",0,0,0,0,1,"housewife",0,1,"medium fair, good looks","medium_fair","","good",NA,"flat owner",0,1,0,0,1029
438,FALSE,2,"HC",FALSE,3,"HCG-LI","HC",7000,"LI",66,28,"masters","m.sc",0,1,1,1,"Retired",0,0,0,0,1,"housewife",0,1,"medium fair, good looks","medium_fair","","good",NA,"",0,0,0,0,831
439,FALSE,2,"HC",FALSE,3,"HCG-LI","HC",7000,"LI",67,27,"masters","m.sc",1,1,1,0,"nm",0,0,0,0,0,"housewife",0,1,"medium fair, good looks","medium_fair","","good",NA,"",0,0,0,0,852
440,FALSE,2,"HC",FALSE,3,"HCG-LI","HC",7000,"LI",68,24,"masters","m.a",2,1,1,0,"nm",0,0,0,0,0,"housewife",0,1,"medium fair, medium good looks","medium_fair","","fair",NA,"",0,0,0,0,865
441,FALSE,2,"LC",TRUE,3,"HCG-LI","HC",7000,"LI",68,25,"bachelors","b.com",1,2,2,0,"business",0,0,0,1,0,"housewife",0,1,"medium fair, medium looks","medium_fair","","fair",NA,"house owner",1,0,0,0,1118
442,FALSE,2,"HC",FALSE,3,"HCG-LI","HC",7000,"LI",62,27,"bachelors","b.a",1,1,1,0,"Retired",0,0,0,0,1,"housewife",0,1,"medium fair, medium looks","medium_fair","","fair",NA,"house owner",1,0,0,0,720
443,FALSE,2,"LC",TRUE,3,"HCG-LI","HC",7000,"LI",62,27,"bachelors","b.a",0,1,1,0,"Retired",0,0,0,0,1,"housewife",0,1,"medium fair, medium looks","medium_fair","","fair",NA,"house owner",1,0,0,0,1097
444,FALSE,2,"HC",FALSE,3,"HCG-LI","HC",7000,"LI",61,29,"bachelors","llb",1,1,1,1,"Retired",0,0,0,0,1,"housewife",0,1,"medium fair, medium looks","medium_fair","","fair",NA,"",0,0,0,0,698
445,FALSE,2,"HC",FALSE,3,"HCG-LI","HC",7000,"LI",66,25,"bachelors","b.com",2,1,1,0,"nm",0,0,0,0,0,"absent",1,0,"medium fair, medium looks","medium_fair","","fair",NA,"",0,0,0,0,818
446,FALSE,2,"HC",FALSE,3,"HCG-LI","HC",7000,"LI",65,25,"masters","m.a",1,1,1,0,"govt employee",0,1,0,0,0,"housewife",0,1,"medium fair, medium looks","medium_fair","","fair",NA,"",0,0,0,0,792
447,FALSE,2,"HC",TRUE,3,"HCG-LI","HC",7000,"LI",65,27,"bachelors","b.a",1,1,2,0,"nm",0,0,0,0,0,"housewife",0,1,"medium fair, medium looks","medium_fair","","fair",NA,"",0,0,0,0,951
448,FALSE,2,"HC",FALSE,3,"HCG-LI","HC",7000,"LI",60,23,"masters","m.a",1,1,1,0,"nm",0,0,0,0,0,"housewife",0,1,"medium fair, medium looks","medium_fair","","fair",NA,"",0,0,0,0,653
449,FALSE,2,"MC",TRUE,3,"HCG-LI","HC",7000,"LI",65,23,"bachelors","b.a",1,1,1,0,"pvt employee",0,0,1,0,0,"housewife",0,1,"medium fair, medium looks","medium_fair","","fair",NA,"",0,0,0,0,1327
450,FALSE,2,"HC",FALSE,3,"HCG-LI","HC",7000,"LI",62,23,"bachelors","b.com",1,2,1,0,"pvt employee",0,0,1,0,0,"housewife",0,1,"medium fair, medium looks","medium_fair","","fair",NA,"",0,0,0,0,704
451,FALSE,2,"HC",TRUE,3,"HCG-LI","HC",7000,"LI",66,28,"bachelors","b.sc",1,1,1,0,"Retired",0,0,0,0,1,"housewife",0,1,"medium fair, medium looks","medium_fair","","fair",NA,"",0,0,0,0,956
452,FALSE,2,"MC",TRUE,3,"HCG-LI","HC",7000,"LI",65,27,"masters","m.a",1,1,1,0,"Retired",0,0,0,0,1,"housewife",0,1,"medium fair, medium looks","medium_fair","","fair",NA,"",0,0,0,0,1335
453,FALSE,2,"HC",FALSE,3,"HCG-LI","HC",7000,"LI",65,30,"bachelors","b.e",0,1,1,0,"nm",0,0,0,0,0,"nm",0,0,"medium fair, medium looks","medium_fair","","fair",NA,"",0,0,0,0,803
454,FALSE,2,"HC",FALSE,3,"HCG-LI","HC",7000,"LI",61,23,"masters","m.com",0,2,1,0,"nm",0,0,0,0,0,"housewife",0,1,"medium fair, very good looks","medium_fair","","very_good",NA,"",0,0,0,0,680
455,FALSE,2,"HC",FALSE,3,"HCG-LI","HC",7000,"LI",65,24,"bachelors","b.a",0,1,1,0,"Retired",0,0,0,0,1,"housewife",0,1,"medium fair/medium looks","medium_fair","","fair",NA,"",0,0,0,0,786
456,FALSE,2,"HC",FALSE,3,"HCG-LI","HC",7000,"LI",69,23,"bachelors","b.com",1,1,1,0,"nm",0,0,0,0,0,"housewife",0,1,"medium looks",NA,"","fair",NA,"",0,0,0,0,888
457,FALSE,2,"HC",TRUE,3,"HCG-LI","HC",7000,"LI",62,25,"bachelors","b.a",0,2,1,0,"Retired",0,0,0,0,1,"absent",1,0,"mm",NA,"",NA,NA,"",0,0,0,0,923
458,FALSE,2,"LC",TRUE,3,"HCG-LI","HC",7000,"LI",63,25,"bachelors","b.sc",NA,2,1,0,"govt employee",0,1,0,0,0,"housewife",0,1,"nm",NA,"",NA,NA,"flat, car owner",0,1,0,1,1100
459,FALSE,2,"HC",FALSE,3,"HCG-LI","HC",7000,"LI",66,23,"masters","m.a",2,2,1,0,"Retired",0,0,0,0,1,"housewife",0,1,"nm",NA,"",NA,NA,"house owner",1,0,0,0,810
460,FALSE,2,"MC",FALSE,3,"HCG-LI","HC",7000,"LI",66,23,"masters","m.sc",1,1,1,0,"govt employee",0,1,0,0,0,"retired",0,0,"nm",NA,"",NA,NA,"land, house owner",1,0,1,0,1234
461,FALSE,2,"HC",FALSE,3,"HCG-LI","HC",7000,"LI",60,29,"bachelors","b.sc",1,2,1,0,"govt employee",0,1,0,0,0,"housewife",0,1,"nm",NA,"",NA,NA,"",0,0,0,0,672
462,FALSE,2,"HC",TRUE,3,"HCG-LI","HC",7000,"LI",64,22,"bachelors","b.sc",0,2,2,0,"Retired",0,0,0,0,1,"housewife",0,1,"nm",NA,"",NA,NA,"",0,0,0,0,937
463,FALSE,2,"HC",FALSE,3,"HCG-LI","HC",7000,"LI",63,22,"masters","m.com",1,2,2,0,"Retired",0,0,0,0,1,"housewife",0,1,"nm",NA,"",NA,NA,"",0,0,0,0,733
464,FALSE,2,"HC",FALSE,3,"HCG-LI","HC",7000,"LI",68,28,"masters","m.ed",0,2,1,0,"Retired",0,0,0,0,1,"housewife",0,1,"nm",NA,"",NA,NA,"",0,0,0,0,881
465,FALSE,2,"LC",TRUE,3,"HCG-LI","HC",7000,"LI",64,NA,"bachelors","b.sc",1,1,1,0,"nm",0,0,0,0,0,"nm",0,0,"veruy fair, medium looks","very_fair","","fair",NA,"",0,0,0,0,1107
466,FALSE,2,"HC",FALSE,3,"HCG-LI","HC",7000,"LI",66,26,"bachelors","b.a",1,2,2,0,"nm",0,0,0,0,0,"housewife",0,1,"very fair","very_fair","",NA,NA,"",0,0,0,0,823
467,FALSE,2,"MC",TRUE,3,"HCG-LI","HC",7000,"LI",60,26,"bachelors","b.a",1,1,1,0,"business",0,0,0,1,0,"nm",0,0,"very fair","very_fair","",NA,NA,"",0,0,0,0,1295
468,FALSE,2,"LC",TRUE,3,"HCG-LI","HC",7000,"LI",66,28,"bachelors","bba",0,2,1,1,"govt employee",0,1,0,0,0,"housewife",0,1,"very fair","very_fair","",NA,NA,"",0,0,0,0,1114
469,FALSE,2,"HC",FALSE,3,"HCG-LI","HC",7000,"LI",62,27,"bachelors","b.a",0,1,1,0,"Retired",0,0,0,0,1,"housewife",0,1,"very fair, fair looks","very_fair","","fair",NA,"house owner",1,0,0,0,719
470,FALSE,2,"HC",FALSE,3,"HCG-LI","HC",7000,"LI",60,26,"masters","m.sc",2,1,1,0,"Retired",0,0,0,0,1,"housewife",0,1,"very fair, fair looks","very_fair","","fair",NA,"",0,0,0,0,668
471,FALSE,2,"MC",FALSE,3,"HCG-LI","HC",7000,"LI",67,24,"bachelors","b.com",0,1,1,1,"Retired",0,0,0,0,1,"nm",0,0,"very fair, good looks","very_fair","","good",NA,"flatowner",0,1,0,0,1257
472,FALSE,2,"MC",FALSE,3,"HCG-LI","HC",7000,"LI",62,28,"bachelors","b.sc",2,1,1,0,"pvt employee",0,0,1,0,0,"retired",0,0,"very fair, good looks","very_fair","","good",NA,"house owner",1,0,0,0,1178
473,FALSE,2,"MC",FALSE,3,"HCG-LI","HC",7000,"LI",62,21,"below_bachelors","madhyamik",1,1,1,0,"pvt employee",0,0,1,0,0,"govt employee",0,0,"very fair, good looks","very_fair","","good",NA,"",0,0,0,0,1161
474,FALSE,2,"LC",FALSE,3,"HCG-LI","HC",7000,"LI",63,25,"masters","m.a",1,1,1,1,"govt employee",0,1,0,0,0,"housewife",0,1,"very fair, good looks","very_fair","","good",NA,"",0,0,0,0,1013
475,FALSE,2,"MC",FALSE,3,"HCG-LI","HC",7000,"LI",64,24,"bachelors","b.a",0,1,1,0,"govt employee",0,1,0,0,0,"housewife",0,1,"very fair, medium looks","very_fair","","fair",NA,"car, flat owner",0,1,0,1,1206
476,FALSE,2,"LC",FALSE,3,"HCG-LI","HC",7000,"LI",67,23,"bachelors","b.com",0,1,1,0,"business",0,0,0,1,0,"housewife",0,1,"very fair, medium looks","very_fair","","fair",NA,"flat owner",0,1,0,0,1056
477,FALSE,2,"MC",FALSE,3,"HCG-LI","HC",7000,"LI",61,26,"bachelors","b.sc",1,2,1,0,"govt employee",0,1,0,0,0,"retired",0,0,"very fair, medium looks","very_fair","","fair",NA,"house owner",1,0,0,0,1154
478,FALSE,2,"HC",FALSE,3,"HCG-LI","HC",7000,"LI",65,20,"bachelors","b.a",2,1,1,1,"govt employee",0,1,0,0,0,"housewife",0,1,"very fair, medium looks","very_fair","","fair",NA,"",0,0,0,0,781
479,FALSE,2,"MC",FALSE,3,"HCG-LI","HC",7000,"LI",63,25,"masters","m.a",1,1,1,0,"business",0,0,0,1,0,"housewife",0,1,"very fair, medium looks","very_fair","","fair",NA,"",0,0,0,0,1191
480,FALSE,2,"HC",FALSE,3,"HCG-LI","HC",7000,"LI",62,24,"bachelors","b.sc",1,1,1,0,"govt employee",0,1,0,0,0,"housewife",0,1,"very fair, medium looks","very_fair","","fair",NA,"",0,0,0,0,707
481,FALSE,2,"MC",FALSE,3,"HCG-LI","HC",7000,"LI",62,22,"masters","m.a",0,3,2,0,"Retired",0,0,0,0,1,"housewife",0,1,"very fair, medium looks","very_fair","","fair",NA,"",0,0,0,0,1164
482,FALSE,2,"HC",FALSE,3,"HCG-LI","HC",7000,"LI",68,28,"masters","m.a",1,1,1,1,"Retired",0,0,0,0,1,"housewife",0,1,"very fair, medium looks","very_fair","","fair",NA,"",0,0,0,0,879
483,FALSE,2,"HC",FALSE,3,"HCG-LI","HC",7000,"LI",62,21,"below_bachelors","h.s",2,1,1,0,"pvt employee",0,0,1,0,0,"pvt employee",0,0,"very fair, very good looks","very_fair","","very_good",NA,"",0,0,0,0,701
484,FALSE,2,"HC",FALSE,3,"HCG-LI","HC",7000,"LI",63,26,"bachelors","b.sc",0,1,1,0,"nm",0,0,0,0,0,"nm",0,0,"very fair,medium looks","very_fair","","fair",NA,"",0,0,0,0,746
485,FALSE,2,"LC",FALSE,3,"HCG-LI","HC",7000,"LI",67,25,"masters","m.a",0,1,1,0,"govt employee",0,1,0,0,0,"housewife",0,1,"very fair,very good looks","very_fair","","very_good",NA,"house owner",1,0,0,0,1060
486,FALSE,2,"HC",TRUE,3,"HCG-LI","HC",7000,"LI",72,25,"masters","m.a",1,1,1,0,"govt employee",0,1,0,0,0,"retired",0,0,"very fair,very good looks","very_fair","","very_good",NA,"",0,0,0,0,973
487,FALSE,2,"LC",FALSE,3,"HCG-LI","HC",7000,"LI",62,26,"masters","m.com",0,1,1,1,"govt employee",0,1,0,0,0,"govt employee",0,0,"very good looks",NA,"","very_good",NA,"",0,0,0,0,997
488,FALSE,1,"MC",FALSE,4,"MCG-HI","MC",35000,"HI",62,25,"bachelors","b.a",1,2,1,0,"pvt employee",0,0,1,0,0,"housewife",0,1,"very fair","very_fair","good looks","good",NA,"flat owner",0,1,0,0,506
489,FALSE,1,"MC",FALSE,4,"MCG-HI","MC",35000,"HI",62,25,"bachelors","b.sc",1,1,1,0,"Retired",0,0,0,0,1,"housewife",0,1,"fair","fair","medium looks","fair",NA,"flat owner",0,1,0,0,510
490,FALSE,1,"MC",FALSE,4,"MCG-HI","MC",35000,"HI",63,26,"masters","m.a",0,2,2,0,"govt employee",0,1,0,0,0,"housewife",0,1,"very fair","very_fair","medium looks","fair",NA,"flat owner",0,1,0,0,575
491,FALSE,1,"MC",FALSE,4,"MCG-HI","MC",35000,"HI",62,25,"bachelors","b.e",0,1,1,1,"Retired",0,0,0,0,1,"housewife",0,1,"fair","fair","very good looks","very_good",NA,"flat owner",0,1,0,0,507
492,FALSE,1,"MC",FALSE,4,"MCG-HI","MC",35000,"HI",63,26,"masters","m.a",2,1,1,0,"Retired",0,0,0,0,1,"retired",0,0,"very fair","very_fair","medium looks","fair",NA,"flat owner",0,1,0,0,578
493,FALSE,1,"HC",FALSE,4,"MCG-HI","MC",35000,"HI",62,27,"bachelors","b.a",NA,1,1,0,"Retired",0,0,0,0,1,"housewife",0,1,"very fair","very_fair","fair looks","fair",NA,"house owner",1,0,0,0,89
494,FALSE,1,"HC",FALSE,4,"MCG-HI","MC",35000,"HI",64,28,"bachelors","b.sc",NA,1,1,0,"Retired",0,0,0,0,1,"housewife",0,1,"fair","fair","good looks","good",NA,"house owner",1,0,0,0,192
495,FALSE,1,"MC",FALSE,4,"MCG-HI","MC",35000,"HI",62,22,"bachelors","b.a",1,1,1,0,"govt employee",0,1,0,0,0,"housewife",0,1,"very fair","very_fair","good looks","good",NA,"house owner",1,0,0,0,481
496,FALSE,1,"MC",FALSE,4,"MCG-HI","MC",35000,"HI",64,28,"bachelors","b.sc",2,1,1,0,"pvt employee",0,0,1,0,0,"housewife",0,1,"very fair","very_fair","good looks","good",NA,"house owner",1,0,0,0,612
497,FALSE,1,"MC",FALSE,4,"MCG-HI","MC",35000,"HI",63,23,"masters","m.a",0,1,1,0,"Retired",0,0,0,0,1,"housewife",0,1,"very fair","very_fair","good looks","good",NA,"house owner",1,0,0,0,552
498,FALSE,1,"LC",FALSE,4,"MCG-HI","MC",35000,"HI",62,23,"bachelors","b.a",1,1,1,1,"govt employee",0,1,0,0,0,"housewife",0,1,"very fair","very_fair","good looks","good",NA,"house owner",1,0,0,0,287
499,FALSE,1,"MC",FALSE,4,"MCG-HI","MC",35000,"HI",64,24,"masters","m.sc",1,2,1,0,"govt employee",0,1,0,0,0,"housewife",0,1,"medium fair","medium_fair","medium looks","fair",NA,"house owner",1,0,0,0,597
500,FALSE,1,"HC",FALSE,4,"MCG-HI","MC",35000,"HI",61,27,"bachelors","b.com",1,1,1,0,"Retired",0,0,0,0,1,"housewife",0,1,"medium fair","medium_fair","medium looks","fair",NA,"house owner",1,0,0,0,40
501,FALSE,1,"MC",FALSE,4,"MCG-HI","MC",35000,"HI",63,20,"bachelors","b.a",2,2,1,0,"govt employee",0,1,0,0,0,"housewife",0,1,"very fair","very_fair","medium looks","fair",NA,"house owner",1,0,0,0,535
502,FALSE,1,"MC",FALSE,4,"MCG-HI","MC",35000,"HI",61,24,"masters","m.a",0,1,1,0,"Retired",0,0,0,0,1,"housewife",0,1,"very fair","very_fair","medium looks","fair",NA,"house owner",1,0,0,0,457
503,FALSE,1,"MC",FALSE,4,"MCG-HI","MC",35000,"HI",61,28,"bachelors","b.com",0,1,1,1,"Retired",0,0,0,0,1,"nm",0,0,"very fair","very_fair","medium looks","fair",NA,"house owner",1,0,0,0,472
504,FALSE,1,"MC",FALSE,4,"MCG-HI","MC",35000,"HI",62,26,"bachelors","b.a",1,2,2,0,"business",0,0,0,1,0,"housewife",0,1,"very fair","very_fair","good looks","good",NA,"house owner",1,0,0,0,523
505,FALSE,1,"MC",FALSE,4,"MCG-HI","MC",35000,"HI",63,27,"bachelors","b.sc",0,1,1,0,"govt employee",0,1,0,0,0,"housewife",0,1,"fair","fair","medium looks","fair",NA,"house owner",1,0,0,0,582
506,FALSE,1,"MC",FALSE,4,"MCG-HI","MC",35000,"HI",62,22,"bachelors","b.a",0,1,1,0,"nm",0,0,0,0,0,"housewife",0,1,"nm",NA,"",NA,NA,"house owner",1,0,0,0,479
507,FALSE,1,"LC",FALSE,4,"MCG-HI","MC",35000,"HI",62,27,"bachelors","b.com",0,1,1,0,"Retired",0,0,0,0,1,"housewife",0,1,"nm",NA,"",NA,NA,"house owner",1,0,0,0,309
508,FALSE,1,"MC",FALSE,4,"MCG-HI","MC",35000,"HI",60,25,"bachelors","b.a",0,1,1,0,"nm",0,0,0,0,0,"retired",0,0,"poor fair","fair","",NA,NA,"house owner",1,0,0,0,433
509,FALSE,1,"LC",FALSE,4,"MCG-HI","MC",35000,"HI",63,26,"bachelors","b.com",0,2,1,0,"govt. employee",0,1,0,0,0,"housewife",0,1,"fair","fair","good looks","good",NA,"house, car owner",1,0,0,1,342
510,FALSE,1,"HC",FALSE,4,"MCG-HI","MC",35000,"HI",64,23,"bachelors","b.a",1,3,3,0,"Retired",0,0,0,0,1,"housewife",0,1,"fair","fair","fair looks","fair",NA,"",NA,NA,NA,NA,169
511,FALSE,1,"HC",FALSE,4,"MCG-HI","MC",35000,"HI",62,25,"bachelors","b.sc",2,2,2,0,"Retired",0,0,0,0,1,"housewife",0,1,"fair","fair","fair looks","fair",NA,"",NA,NA,NA,NA,78
512,FALSE,1,"HC",FALSE,4,"MCG-HI","MC",35000,"HI",62,24,"masters","m.a",1,2,2,0,"Retired",0,0,0,0,1,"housewife",0,1,"fair","fair","fair looks","fair",NA,"",NA,NA,NA,NA,68
513,FALSE,1,"HC",FALSE,4,"MCG-HI","MC",35000,"HI",56,NA,"bachelors","b.a",NA,2,2,0,"Retired",0,0,0,0,1,"housewife",0,1,"fair","fair","fair looks","fair",NA,"",NA,NA,NA,NA,3
514,FALSE,1,"HC",FALSE,4,"MCG-HI","MC",35000,"HI",67,24,"bachelors","b.com",2,1,1,0,"Retired",0,0,0,0,1,"housewife",0,1,"fair","fair","fair looks","fair",NA,"",NA,NA,NA,NA,205
515,FALSE,1,"HC",FALSE,4,"MCG-HI","MC",35000,"HI",57,26,"masters","m.sc",2,2,1,0,"Retired",0,0,0,0,1,"housewife",0,1,"very fair","very_fair","fair looks","fair",NA,"",NA,NA,NA,NA,7
516,FALSE,1,"LC",FALSE,4,"MCG-HI","MC",35000,"HI",63,25,"bachelors","b.com",0,1,1,0,"pvt employee",0,0,1,0,0,"housewife",0,1,"fair","fair","good looks","good",NA,"",NA,NA,NA,NA,337
517,FALSE,1,"MC",FALSE,4,"MCG-HI","MC",35000,"HI",60,27,"bachelors","b.com",0,1,1,1,"Retired",0,0,0,0,1,"housewife",0,1,"fair","fair","good looks","good",NA,"",NA,NA,NA,NA,436
518,FALSE,1,"MC",FALSE,4,"MCG-HI","MC",35000,"HI",62,25,"masters","m.sc",1,1,1,0,"business",0,0,0,1,0,"housewife",0,1,"medium fair","medium_fair","good looks","good",NA,"",NA,NA,NA,NA,519
519,FALSE,1,"MC",FALSE,4,"MCG-HI","MC",35000,"HI",63,25,"masters","m.sc",1,2,1,0,"business",0,0,0,1,0,"retired",0,0,"very fair","very_fair","good looks","good",NA,"",NA,NA,NA,NA,565
520,FALSE,1,"MC",FALSE,4,"MCG-HI","MC",35000,"HI",62,24,"masters","m.a",1,2,2,0,"govt employee",0,1,0,0,0,"housewife",0,1,"fair","fair","medium looks","fair",NA,"",NA,NA,NA,NA,499
521,FALSE,1,"HC",FALSE,4,"MCG-HI","MC",35000,"HI",64,23,"bachelors","b.a",2,1,1,0,"Retired",0,0,0,0,1,"housewife",0,1,"fair","fair","medium looks","fair",NA,"",NA,NA,NA,NA,170
522,FALSE,1,"HC",FALSE,4,"MCG-HI","MC",35000,"HI",63,25,"masters","m.a",0,2,1,0,"Retired",0,0,0,0,1,"housewife",0,1,"fair","fair","medium looks","fair",NA,"",NA,NA,NA,NA,132
523,FALSE,1,"HC",FALSE,4,"MCG-HI","MC",35000,"HI",63,22,"bachelors","b.a",2,1,1,0,"Retired",0,0,0,0,1,"lecturer",0,0,"fair","fair","medium looks","fair",NA,"",NA,NA,NA,NA,117
524,FALSE,1,"HC",FALSE,4,"MCG-HI","MC",35000,"HI",62,25,"masters","m.a",2,1,1,0,"Retired",0,0,0,0,1,"retired",0,0,"fair","fair","medium looks","fair",NA,"",NA,NA,NA,NA,81
525,FALSE,1,"HC",FALSE,4,"MCG-HI","MC",35000,"HI",62,25,"bachelors","b.a",3,1,1,1,"Retired",0,0,0,0,1,"housewife",0,1,"fair","fair","medium looks","fair",NA,"",NA,NA,NA,NA,74
526,FALSE,1,"MC",FALSE,4,"MCG-HI","MC",35000,"HI",60,28,"masters","m.sc",0,1,1,1,"Retired",0,0,0,0,1,"housewife",0,1,"fair","fair","medium looks","fair",NA,"",NA,NA,NA,NA,439
527,FALSE,1,"MC",FALSE,4,"MCG-HI","MC",35000,"HI",49,23,"bachelors","b.a",2,2,2,0,"govt employee",0,1,0,0,0,"housewife",0,1,"fair","fair","medium looks","fair",NA,"",NA,NA,NA,NA,418
528,FALSE,1,"HC",FALSE,4,"MCG-HI","MC",35000,"HI",49,23,"bachelors","b.a",2,2,2,0,"Retired",0,0,0,0,1,"housewife",0,1,"fair","fair","medium looks","fair",NA,"",NA,NA,NA,NA,1
529,FALSE,1,"HC",FALSE,4,"MCG-HI","MC",35000,"HI",60,28,"bachelors","b.com",1,1,1,0,"Retired",0,0,0,0,1,"housewife",0,1,"fair","fair","medium looks","fair",NA,"",NA,NA,NA,NA,18
530,FALSE,1,"MC",FALSE,4,"MCG-HI","MC",35000,"HI",60,28,"masters","m.sc",1,1,1,1,"pvt employee",0,0,1,0,0,"housewife",0,1,"fair","fair","medium looks","fair",NA,"",NA,NA,NA,NA,440
531,FALSE,1,"HC",FALSE,4,"MCG-HI","MC",35000,"HI",61,28,"bachelors","b.com",0,1,1,1,"Retired",0,0,0,0,1,"housewife",0,1,"fair","fair","medium looks","fair",NA,"",NA,NA,NA,NA,45
532,FALSE,1,"MC",FALSE,4,"MCG-HI","MC",35000,"HI",62,29,"bachelors","llb",1,1,1,1,"Retired",0,0,0,0,1,"housewife",0,1,"medium fair","medium_fair","medium looks","fair",NA,"",NA,NA,NA,NA,534
533,FALSE,1,"MC",FALSE,4,"MCG-HI","MC",35000,"HI",61,23,"bachelors","b.sc",0,1,1,0,"govt employee",0,1,0,0,0,"housewife",0,1,"medium fair","medium_fair","medium looks","fair",NA,"",NA,NA,NA,NA,449
534,FALSE,1,"HC",FALSE,4,"MCG-HI","MC",35000,"HI",62,25,"masters","m.a",1,1,1,0,"govt employee",0,1,0,0,0,"housewife",0,1,"medium fair","medium_fair","medium looks","fair",NA,"",NA,NA,NA,NA,80
535,FALSE,1,"HC",FALSE,4,"MCG-HI","MC",35000,"HI",60,23,"masters","m.a",1,1,1,0,"nm",0,0,0,0,0,"housewife",0,1,"medium fair","medium_fair","medium looks","fair",NA,"",NA,NA,NA,NA,10
536,FALSE,1,"MC",FALSE,4,"MCG-HI","MC",35000,"HI",64,27,"masters","m.a",1,1,1,0,"nm",0,0,0,0,0,"housewife",0,1,"medium fair","medium_fair","medium looks","fair",NA,"",NA,NA,NA,NA,608
537,FALSE,1,"HC",FALSE,4,"MCG-HI","MC",35000,"HI",NA,23,"bachelors","b.a",1,2,1,0,"pvt employee",0,0,1,0,0,"housewife",0,1,"medium fair","medium_fair","medium looks","fair",NA,"",NA,NA,NA,NA,208
538,FALSE,1,"MC",FALSE,4,"MCG-HI","MC",35000,"HI",NA,23,"bachelors","b.a",1,1,1,0,"pvt employee",0,0,1,0,0,"housewife",0,1,"medium fair","medium_fair","medium looks","fair",NA,"",NA,NA,NA,NA,622
539,FALSE,1,"MC",FALSE,4,"MCG-HI","MC",35000,"HI",62,24,"bachelors","b.a",1,1,1,0,"Retired",0,0,0,0,1,"housewife",0,1,"medium fair","medium_fair","medium looks","fair",NA,"",NA,NA,NA,NA,493
540,FALSE,1,"MC",FALSE,4,"MCG-HI","MC",35000,"HI",60,23,"masters","m.a",1,1,1,0,"Retired",0,0,0,0,1,"housewife",0,1,"medium fair","medium_fair","medium looks","fair",NA,"",NA,NA,NA,NA,430
541,FALSE,1,"MC",FALSE,4,"MCG-HI","MC",35000,"HI",62,24,"masters","m.a",NA,1,1,0,"business",0,0,0,1,0,"nm",0,0,"medium fair","medium_fair","medium looks","fair",NA,"",NA,NA,NA,NA,500
542,FALSE,1,"LC",FALSE,4,"MCG-HI","MC",35000,"HI",63,24,"masters","m.a",0,1,1,1,"Retired",0,0,0,0,1,"housewife",0,1,"medium fair","medium_fair","medium looks","fair",NA,"",NA,NA,NA,NA,334
543,FALSE,1,"MC",FALSE,4,"MCG-HI","MC",35000,"HI",59,30,"masters","m.a",0,1,1,1,"govt employee",0,1,0,0,0,"housewife",0,1,"medium fair","medium_fair","medium looks","fair",NA,"",NA,NA,NA,NA,425
544,FALSE,1,"HC",FALSE,4,"MCG-HI","MC",35000,"HI",63,20,"bachelors","b.a",2,1,1,1,"govt employee",0,1,0,0,0,"housewife",0,1,"very fair","very_fair","medium looks","fair",NA,"",NA,NA,NA,NA,112
545,FALSE,1,"MC",FALSE,4,"MCG-HI","MC",35000,"HI",57,22,"bachelors","b.com",0,1,1,1,"Retired",0,0,0,0,1,"housewife",0,1,"very fair","very_fair","medium looks","fair",NA,"",NA,NA,NA,NA,420
546,FALSE,1,"MC",FALSE,4,"MCG-HI","MC",35000,"HI",63,22,"bachelors","b.a",1,1,1,0,"business",0,0,0,1,0,"housewife",0,1,"very fair","very_fair","medium looks","fair",NA,"",NA,NA,NA,NA,542
547,FALSE,1,"MC",FALSE,4,"MCG-HI","MC",35000,"HI",64,23,"bachelors","b.a",0,1,1,0,"govt employee",0,1,0,0,0,"housewife",0,1,"very fair","very_fair","medium looks","fair",NA,"",NA,NA,NA,NA,589
548,FALSE,1,"MC",FALSE,4,"MCG-HI","MC",35000,"HI",61,24,"masters","m.sc",1,1,1,0,"govt employee",0,1,0,0,0,"housewife",0,1,"very fair","very_fair","medium looks","fair",NA,"",NA,NA,NA,NA,463
549,FALSE,1,"MC",FALSE,4,"MCG-HI","MC",35000,"HI",63,25,"masters","m.a",0,3,2,0,"Retired",0,0,0,0,1,"housewife",0,1,"very fair","very_fair","medium looks","fair",NA,"",NA,NA,NA,NA,561
550,FALSE,1,"HC",FALSE,4,"MCG-HI","MC",35000,"HI",60,28,"masters","m.sc",NA,1,1,0,"Retired",0,0,0,0,1,"housewife",0,1,"very fair","very_fair","medium looks","fair",NA,"",NA,NA,NA,NA,20
551,FALSE,1,"MC",FALSE,4,"MCG-HI","MC",35000,"HI",57,26,"masters","m.sc",1,1,1,0,"Retired",0,0,0,0,1,"housewife",0,1,"very fair","very_fair","medium looks","fair",NA,"",NA,NA,NA,NA,423
552,FALSE,1,"MC",FALSE,4,"MCG-HI","MC",35000,"HI",62,23,"masters","m.a",1,1,1,0,"business",0,0,0,1,0,"nm",0,0,"very fair","very_fair","medium looks","fair",NA,"",NA,NA,NA,NA,490
553,FALSE,1,"MC",FALSE,4,"MCG-HI","MC",35000,"HI",61,28,"masters","m.a",0,1,1,1,"Retired",0,0,0,0,1,"housewife",0,1,"very fair","very_fair","medium looks","fair",NA,"",NA,NA,NA,NA,473
554,FALSE,1,"HC",FALSE,4,"MCG-HI","MC",35000,"HI",62,21,"below_bachelors","h.s",2,1,1,0,"pvt employee",0,0,1,0,0,"govt employee",0,0,"very fair","very_fair","very good looks","very_good",NA,"",NA,NA,NA,NA,54
555,FALSE,1,"MC",FALSE,4,"MCG-HI","MC",35000,"HI",62,21,"below_bachelors","madhyamik",1,1,1,0,"pvt employee",0,0,1,0,0,"govt employee",0,0,"very fair","very_fair","very good looks","very_good",NA,"",NA,NA,NA,NA,478
556,FALSE,1,"MC",FALSE,4,"MCG-HI","MC",35000,"HI",62,26,"masters","m.a",0,2,1,0,"govt employee",0,1,0,0,0,"housewife",0,1,"very fair","very_fair","very good looks","very_good",NA,"",NA,NA,NA,NA,527
557,FALSE,1,"MC",FALSE,4,"MCG-HI","MC",35000,"HI",63,22,"bachelors","b.a",0,1,1,0,"Retired",0,0,0,0,1,"housewife",0,1,"very fair","very_fair","very good looks","very_good",NA,"",NA,NA,NA,NA,539
558,FALSE,1,"HC",FALSE,4,"MCG-HI","MC",35000,"HI",62,24,"masters","m.a",0,2,1,0,"Retired",0,0,0,0,1,"housewife",0,1,"fair","fair","fair looks","fair",NA,"",NA,NA,NA,NA,65
559,FALSE,1,"MC",FALSE,4,"MCG-HI","MC",35000,"HI",62,22,"below_bachelors","madhyamik",2,1,1,0,"nm",0,0,0,0,0,"housewife",0,1,"",NA,"good looks","good",NA,"",NA,NA,NA,NA,484
560,FALSE,1,"MC",FALSE,4,"MCG-HI","MC",35000,"HI",61,26,"bachelors","b.sc",1,1,1,0,"govt employee",0,1,0,0,0,"housewife",0,1,"fair","fair","medium looks","fair",NA,"",NA,NA,NA,NA,466
561,FALSE,1,"MC",FALSE,4,"MCG-HI","MC",35000,"HI",62,24,"masters","m.a",1,1,1,0,"Retired",0,0,0,0,1,"housewife",0,1,"fair","fair","medium looks","fair",NA,"",NA,NA,NA,NA,498
562,FALSE,1,"HC",FALSE,4,"MCG-HI","MC",35000,"HI",61,26,"bachelors","b.sc",1,1,1,0,"Retired",0,0,0,0,1,"housewife",0,1,"fair","fair","medium looks","fair",NA,"",NA,NA,NA,NA,36
563,FALSE,1,"MC",FALSE,4,"MCG-HI","MC",35000,"HI",61,24,"bachelors","b.a",0,1,1,0,"govt employee",0,1,0,0,0,"nm",0,0,"medium fair/","medium_fair","medium looks","fair",NA,"",NA,NA,NA,NA,452
564,FALSE,1,"MC",FALSE,4,"MCG-HI","MC",35000,"HI",64,26,"masters","m.a",1,1,1,0,"business",0,0,0,1,0,"nm",0,0,"very fair","very_fair","medium looks","fair",NA,"",NA,NA,NA,NA,602
565,FALSE,1,"MC",FALSE,4,"MCG-HI","MC",35000,"HI",63,25,"masters","m.a",1,1,1,0,"govt employee",0,1,0,0,0,"housewife",0,1,"very fair","very_fair","very good looks","very_good",NA,"",NA,NA,NA,NA,563
566,FALSE,1,"LC",FALSE,4,"MCG-HI","MC",35000,"HI",60,27,"below_bachelors","11th",0,1,1,0,"nm",0,0,0,0,0,"housewife",0,1,"fair","fair","",NA,NA,"",NA,NA,NA,NA,255
567,FALSE,1,"HC",FALSE,4,"MCG-HI","MC",35000,"HI",60,23,"below_bachelors","madhyamik",NA,2,2,0,"govt employee",0,1,0,0,0,"govt employee",0,0,"medium fair","medium_fair","",NA,NA,"",NA,NA,NA,NA,12
568,FALSE,1,"MC",FALSE,4,"MCG-HI","MC",35000,"HI",60,23,"bachelors","b.com",1,1,1,0,"govt employee",0,1,0,0,0,"housewife",0,1,"medium fair","medium_fair","",NA,NA,"",NA,NA,NA,NA,429
569,FALSE,1,"LC",FALSE,4,"MCG-HI","MC",35000,"HI",61,25,"masters","m.sc",0,1,1,1,"business",0,0,0,1,0,"nm",0,0,"nm",NA,"",NA,NA,"",NA,NA,NA,NA,271
570,FALSE,1,"HC",FALSE,4,"MCG-HI","MC",35000,"HI",NA,23,"below_bachelors","madhyamik",1,2,2,0,"nm",0,0,0,0,0,"housewife",0,1,"nm",NA,"",NA,NA,"",NA,NA,NA,NA,209
571,FALSE,1,"HC",FALSE,4,"MCG-HI","MC",35000,"HI",61,22,"masters","m.a",2,2,2,0,"Retired",0,0,0,0,1,"housewife",0,1,"nm",NA,"",NA,NA,"",NA,NA,NA,NA,23
572,FALSE,1,"HC",FALSE,4,"MCG-HI","MC",35000,"HI",64,28,"masters","m.sc",0,2,1,0,"Retired",0,0,0,0,1,"housewife",0,1,"nm",NA,"",NA,NA,"",NA,NA,NA,NA,196
573,FALSE,1,"MC",FALSE,4,"MCG-HI","MC",35000,"HI",NA,23,"masters","mba",1,1,1,0,"govt employee",0,1,0,0,0,"retired",0,0,"nm",NA,"",NA,NA,"",NA,NA,NA,NA,624
574,FALSE,1,"HC",FALSE,4,"MCG-HI","MC",35000,"HI",65,26,"bachelors","b.a",1,2,2,0,"nm",0,0,0,0,0,"housewife",0,1,"very fair","very_fair","",NA,NA,"",NA,NA,NA,NA,201
575,FALSE,1,"MC",FALSE,4,"MCG-HI","MC",35000,"HI",65,23,"bachelors","b.a",1,2,1,0,"business",0,0,0,1,0,"nm",0,0,"very fair","very_fair","",NA,NA,"",NA,NA,NA,NA,618
576,FALSE,2,"HC",TRUE,4,"MCG-HI","MC",35000,"HI",61,23,"bachelors","b.a",0,1,1,0,"nm",0,0,0,0,0,"nm",0,0,"fair looks",NA,"","fair",NA,"",0,0,0,0,913
577,FALSE,2,"HC",FALSE,4,"MCG-HI","MC",35000,"HI",68,28,"masters","m.a",1,2,1,0,"business",0,0,0,1,0,"housewife",0,1,"fair, fair looks","fair","","fair",NA,"",0,0,0,0,880
578,FALSE,2,"HC",TRUE,4,"MCG-HI","MC",35000,"HI",65,22,"bachelors","b.com",0,1,1,0,"govt employee",0,1,0,0,0,"housewife",0,1,"fair, fair looks","fair","","fair",NA,"",0,0,0,0,944
579,FALSE,2,"HC",FALSE,4,"MCG-HI","MC",35000,"HI",66,NA,"bachelors","b.a",2,2,1,0,"Retired",0,0,0,0,1,"housewife",0,1,"fair, fair looks","fair","","fair",NA,"",0,0,0,0,833
580,FALSE,2,"HC",FALSE,4,"MCG-HI","MC",35000,"HI",67,25,"bachelors","b.a",2,1,1,1,"Retired",0,0,0,0,1,"housewife",0,1,"fair, fairlooks","fair","","fair",NA,"",0,0,0,0,842
581,FALSE,2,"MC",FALSE,4,"MCG-HI","MC",35000,"HI",66,22,"below_bachelors","h.s",1,1,1,0,"Retired",0,0,0,0,1,"absent",1,0,"fair, good looks","fair","","good",NA,"",0,0,0,0,1233
582,FALSE,2,"LC",FALSE,4,"MCG-HI","MC",35000,"HI",68,24,"bachelors","bba",1,1,1,0,"Retired",0,0,0,0,1,"housewife",0,1,"fair, medium loks","fair","","fair",NA,"",0,0,0,0,1068
583,FALSE,2,"HC",TRUE,4,"MCG-HI","MC",35000,"HI",65,24,"below_bachelors","h.s",0,2,1,0,"govt employee",0,1,0,0,0,"housewife",0,1,"fair, medium looks","fair","","fair",NA,"flat owner",0,1,0,0,948
584,FALSE,2,"LC",FALSE,4,"MCG-HI","MC",35000,"HI",62,23,"bachelors","b.a",0,1,1,0,"govt employee",0,1,0,0,0,"pvt employee",0,0,"fair, medium looks","fair","","fair",NA,"flat,car owner",0,1,0,1,992
585,FALSE,2,"HC",FALSE,4,"MCG-HI","MC",35000,"HI",65,24,"bachelors","b.com",NA,1,1,0,"govt employee",0,1,0,0,0,"housewife",0,1,"fair, medium looks","fair","","fair",NA,"house owner",1,0,0,0,788
586,FALSE,2,"MC",FALSE,4,"MCG-HI","MC",35000,"HI",60,26,"masters","m.a",2,1,1,0,"Retired",0,0,0,0,1,"housewife",0,1,"fair, medium looks","fair","","fair",NA,"house owner",1,0,0,0,1134
587,FALSE,2,"MC",FALSE,4,"MCG-HI","MC",35000,"HI",62,22,"bachelors","b.a",1,2,2,0,"Retired",0,0,0,0,1,"housewife",0,1,"fair, medium looks","fair","","fair",NA,"house,car owner",1,0,0,1,1162
588,FALSE,2,"MC",FALSE,4,"MCG-HI","MC",35000,"HI",63,25,"bachelors","b.sc",0,1,1,0,"Retired",0,0,0,0,1,"govt employee",0,0,"fair, medium looks","fair","","fair",NA,"",0,0,0,0,1190
589,FALSE,2,"HC",FALSE,4,"MCG-HI","MC",35000,"HI",69,26,"masters","m.com",1,1,1,0,"absent",1,0,0,0,0,"housewife",0,1,"fair, medium looks","fair","","fair",NA,"",0,0,0,0,894
590,FALSE,2,"HC",FALSE,4,"MCG-HI","MC",35000,"HI",61,25,"bachelors","b.a",2,2,2,0,"Retired",0,0,0,0,1,"housewife",0,1,"fair, medium looks","fair","","fair",NA,"",0,0,0,0,688
591,FALSE,2,"MC",FALSE,4,"MCG-HI","MC",35000,"HI",63,25,"bachelors","b.a",1,1,1,0,"Retired",0,0,0,0,1,"housewife",0,1,"fair, medium looks","fair","","fair",NA,"",0,0,0,0,1189
592,FALSE,2,"MC",FALSE,4,"MCG-HI","MC",35000,"HI",65,NA,"bachelors","b.a",0,1,1,0,"Retired",0,0,0,0,1,"housewife",0,1,"fair, medium looks","fair","","fair",NA,"",0,0,0,0,1231
593,FALSE,2,"MC",FALSE,4,"MCG-HI","MC",35000,"HI",62,22,"bachelors","b.com",1,1,1,0,"Retired",0,0,0,0,1,"housewife",0,1,"fair, medium looks","fair","","fair",NA,"",0,0,0,0,1163
594,FALSE,2,"HC",FALSE,4,"MCG-HI","MC",35000,"HI",61,22,"below_bachelors","madhyamik",1,2,2,0,"Retired",0,0,0,0,1,"housewife",0,1,"fair, medium looks","fair","","fair",NA,"",0,0,0,0,675
595,FALSE,2,"MC",FALSE,4,"MCG-HI","MC",35000,"HI",64,25,"bachelors","b.com",1,1,1,0,"business",0,0,0,1,0,"pvt employee",0,0,"fair, medium looks","fair","","fair",NA,"",0,0,0,0,1212
596,FALSE,2,"HC",FALSE,4,"MCG-HI","MC",35000,"HI",69,NA,"masters","m.a",2,1,1,1,"Retired",0,0,0,0,1,"teacher",0,0,"fair, slim,good look","fair","","good",7000,"father runs tutorial",0,0,0,0,902
597,FALSE,2,"HC",TRUE,4,"MCG-HI","MC",35000,"HI",69,27,"bachelors","b.a",2,1,1,0,"pvt employee",0,0,1,0,0,"housewife",0,1,"fair, very good looks","fair","","very_good",NA,"house owner",1,0,0,0,968
598,FALSE,2,"MC",FALSE,4,"MCG-HI","MC",35000,"HI",68,27,"bachelors","b.sc",2,2,1,0,"business",0,0,0,1,0,"retired",0,0,"fair, very good looks","fair","","very_good",NA,"house owner",1,0,0,0,1279
599,FALSE,2,"MC",TRUE,4,"MCG-HI","MC",35000,"HI",68,23,"below_bachelors","h.s",0,1,1,0,"pvt employee",0,0,1,0,0,"housewife",0,1,"medium fair, medium looks","medium_fair","","fair",NA,"",0,0,0,0,1344
600,FALSE,2,"HC",FALSE,4,"MCG-HI","MC",35000,"HI",61,23,"bachelors","b.sc",1,3,2,0,"absent",1,0,0,0,0,"housewife",0,1,"medium looks",NA,"","fair",NA,"",0,0,0,0,678
601,FALSE,2,"HC",TRUE,4,"MCG-HI","MC",35000,"HI",65,25,"bachelors","b.a",2,2,1,0,"govt employee",0,1,0,0,0,"housewife",0,1,"fair","fair","",NA,NA,"",0,0,0,0,950
602,FALSE,2,"HC",FALSE,4,"MCG-HI","MC",35000,"HI",69,29,"bachelors","b.sc",2,1,1,0,"absent",1,0,0,0,0,"housewife",0,1,"fair looks",NA,"","fair",NA,"",0,0,0,0,899
603,FALSE,2,"HC",TRUE,4,"MCG-HI","MC",35000,"HI",64,23,"masters","m.a",1,1,1,0,"govt employee",0,1,0,0,0,"housewife",0,1,"fair looks",NA,"","fair",NA,"",0,0,0,0,939
604,FALSE,2,"HC",FALSE,4,"MCG-HI","MC",35000,"HI",62,26,"bachelors","b.a",0,1,1,0,"govt. employee",0,1,0,0,0,"housewife",0,1,"fair looks",NA,"","fair",NA,"",0,0,0,0,713
605,FALSE,2,"HC",FALSE,4,"MCG-HI","MC",35000,"HI",65,26,"masters","m.a",2,2,2,0,"govt. employee",0,1,0,0,0,"housewife",0,1,"fair looks",NA,"","fair",NA,"",0,0,0,0,795
606,FALSE,2,"HC",TRUE,4,"MCG-HI","MC",35000,"HI",69,27,"below_bachelors","hs",2,2,2,0,"nm",0,0,0,0,0,"nm",0,0,"fair looks",NA,"","fair",NA,"",0,0,0,0,969
607,FALSE,2,"HC",TRUE,4,"MCG-HI","MC",35000,"HI",66,22,"bachelors","b.a",2,2,1,0,"govt employee",0,1,0,0,0,"housewife",0,1,"fair, fair looks","fair","","fair",NA,"",0,0,0,0,953
608,FALSE,2,"HC",FALSE,4,"MCG-HI","MC",35000,"HI",63,25,"masters","m.sc",1,2,2,0,"govt employee",0,1,0,0,0,"housewife",0,1,"fair, fair looks","fair","","fair",NA,"",0,0,0,0,743
609,FALSE,2,"HC",FALSE,4,"MCG-HI","MC",35000,"HI",68,30,"bachelors","b.a",1,1,1,0,"absent",1,0,0,0,0,"housewife",0,1,"fair, fairlooks","fair","","fair",NA,"",0,0,0,0,884
610,FALSE,2,"HC",FALSE,4,"MCG-HI","MC",35000,"HI",63,27,"bachelors","b.sc",2,1,1,0,"Retired",0,0,0,0,1,"housewife",0,1,"fair, good looks","fair","","good",NA,"house owner",1,0,0,0,753
611,FALSE,2,"MC",FALSE,4,"MCG-HI","MC",35000,"HI",62,24,"masters","m.a",1,2,1,0,"Retired",0,0,0,0,1,"housewife",0,1,"fair, good looks","fair","","good",NA,"",0,0,0,0,1167
612,FALSE,2,"MC",FALSE,4,"MCG-HI","MC",35000,"HI",64,22,"masters","m.a",1,1,1,0,"Retired",0,0,0,0,1,"retired",0,0,"fair, good looks","fair","","good",NA,"",0,0,0,0,1203
613,FALSE,2,"HC",FALSE,4,"MCG-HI","MC",35000,"HI",62,NA,"bachelors","b.a",0,1,1,0,"Retired",0,0,0,0,1,"housewife",0,1,"fair, medium looks","fair","","fair",NA,"flat owner",0,1,0,0,731
614,FALSE,2,"HC",TRUE,4,"MCG-HI","MC",35000,"HI",61,23,"bachelors","b.a",0,1,1,0,"Retired",0,0,0,0,1,"housewife",0,1,"fair, medium looks","fair","","fair",NA,"flat, landowner",0,1,1,0,912
615,FALSE,2,"MC",FALSE,4,"MCG-HI","MC",35000,"HI",62,21,"bachelors","b.a",1,1,1,0,"absent",1,0,0,0,0,"housewife",0,1,"fair, medium looks","fair","","fair",NA,"house owner,polio",1,0,0,0,1159
616,FALSE,2,"HC",TRUE,4,"MCG-HI","MC",35000,"HI",63,24,"bachelors","b.com",2,1,1,0,"absent",1,0,0,0,0,"absent",1,0,"fair, medium looks","fair","","fair",NA,"",0,0,0,0,934
617,FALSE,2,"HC",FALSE,4,"MCG-HI","MC",35000,"HI",68,26,"masters","m.sc",NA,2,1,0,"nm",0,0,0,0,0,"housewife",0,1,"fair, medium looks","fair","","fair",NA,"",0,0,0,0,872
618,FALSE,2,"HC",FALSE,4,"MCG-HI","MC",35000,"HI",63,26,"bachelors","b.a",1,1,1,0,"Retired",0,0,0,0,1,"housewife",0,1,"fair, medium looks","fair","","fair",NA,"",0,0,0,0,745
619,FALSE,2,"MC",FALSE,4,"MCG-HI","MC",35000,"HI",61,22,"bachelors","b.a",2,1,1,0,"Retired",0,0,0,0,1,"housewife",0,1,"fair, medium looks","fair","","fair",NA,"",0,0,0,0,1138
620,FALSE,2,"MC",FALSE,4,"MCG-HI","MC",35000,"HI",63,27,"bachelors","b.e",1,1,1,0,"Retired",0,0,0,0,1,"nm",0,0,"fair, medium looks","fair","","fair",NA,"",0,0,0,0,1193
621,FALSE,2,"HC",TRUE,4,"MCG-HI","MC",35000,"HI",72,24,"bachelors","b.a",1,2,1,0,"Retired",0,0,0,0,1,"housewife",0,1,"fair, very good looks","fair","","very_good",NA,"",0,0,0,0,971
622,FALSE,2,"HC",FALSE,4,"MCG-HI","MC",35000,"HI",61,24,"bachelors","b.a",1,1,1,0,"Retired",0,0,0,0,1,"housewife",0,1,"fair,good looks","fair","","good",NA,"",0,0,0,0,681
623,FALSE,2,"HC",FALSE,4,"MCG-HI","MC",35000,"HI",62,26,"masters","m.a",1,2,1,0,"govt. employee",0,1,0,0,0,"housewife",0,1,"fair,medium looks","fair","","fair",NA,"",0,0,0,0,717
624,FALSE,2,"HC",FALSE,4,"MCG-HI","MC",35000,"HI",69,34,"bachelors","b.com",2,1,1,0,"Retired",0,0,0,0,1,"housewife",0,1,"medium fair","medium_fair","",NA,NA,"",0,0,0,0,901
625,FALSE,2,"HC",FALSE,4,"MCG-HI","MC",35000,"HI",61,28,"bachelors","b.com",0,2,2,0,"Retired",0,0,0,0,1,"housewife",0,1,"medium fair","medium_fair","",NA,NA,"",0,0,0,0,697
626,FALSE,2,"HC",FALSE,4,"MCG-HI","MC",35000,"HI",60,23,"masters","m.com",1,1,1,0,"absent",1,0,0,0,0,"housewife",0,1,"medium fair, fair looks","medium_fair","","fair",NA,"",0,0,0,0,654
627,FALSE,2,"HC",FALSE,4,"MCG-HI","MC",35000,"HI",66,26,"masters","m.a",3,2,2,0,"govt employee",0,1,0,0,0,"housewife",0,1,"medium fair, fair looks","medium_fair","","fair",NA,"",0,0,0,0,827
628,FALSE,2,"HC",TRUE,4,"MCG-HI","MC",35000,"HI",68,NA,"masters","m.a",1,1,1,0,"pvt employee",0,0,1,0,0,"housewife",0,1,"medium fair, fair looks","medium_fair","","fair",NA,"",0,0,0,0,965
629,FALSE,2,"HC",TRUE,4,"MCG-HI","MC",35000,"HI",64,22,"bachelors","b.ed",0,2,2,0,"Retired",0,0,0,0,1,"housewife",0,1,"medium fair, fair looks","medium_fair","","fair",NA,"",0,0,0,0,936
630,FALSE,2,"HC",FALSE,4,"MCG-HI","MC",35000,"HI",68,27,"below_bachelors","h.s",1,1,1,0,"Retired",0,0,0,0,1,"housewife",0,1,"medium fair, fair looks","medium_fair","","fair",NA,"",0,0,0,0,876
631,FALSE,2,"MC",FALSE,4,"MCG-HI","MC",35000,"HI",64,30,"bachelors","b.e",1,3,2,0,"nm",0,0,0,0,0,"retired",0,0,"medium fair, fair looks","medium_fair","","fair",NA,"",0,0,0,0,1219
632,FALSE,2,"HC",FALSE,4,"MCG-HI","MC",35000,"HI",62,26,"masters","m.sc",0,2,1,1,"business",0,0,0,1,0,"housewife",0,1,"medium fair, fair looks","medium_fair","","fair",NA,"",0,0,0,0,718
633,FALSE,2,"MC",TRUE,4,"MCG-HI","MC",35000,"HI",69,34,"masters","m.com",0,1,1,1,"Retired",0,0,0,0,1,"housewife",0,1,"medium fair, good looks","medium_fair","","good",NA,"",0,0,0,0,1361
634,FALSE,2,"HC",FALSE,4,"MCG-HI","MC",35000,"HI",60,28,"bachelors","b.sc",0,1,1,0,"pvt employee",0,0,1,0,0,"housewife",0,1,"medium fair, medium looks","medium_fair","","fair",NA,"flat owner",0,1,0,0,671
635,FALSE,2,"MC",FALSE,4,"MCG-HI","MC",35000,"HI",66,28,"masters","m.a",1,2,1,0,"govt employee",0,1,0,0,0,"housewife",0,1,"medium fair, medium looks","medium_fair","","fair",NA,"house owner",1,0,0,0,1250
636,FALSE,2,"MC",TRUE,4,"MCG-HI","MC",35000,"HI",62,22,"bachelors","b.com",3,1,1,0,"Retired",0,0,0,0,1,"housewife",0,1,"medium fair, medium looks","medium_fair","","fair",NA,"house owner",1,0,0,0,1304
637,FALSE,2,"HC",TRUE,4,"MCG-HI","MC",35000,"HI",62,28,"masters","m.sc",1,1,1,1,"govt employee",0,1,0,0,0,"nm",0,0,"medium fair, medium looks","medium_fair","","fair",NA,"",0,0,0,0,927
638,FALSE,2,"MC",TRUE,4,"MCG-HI","MC",35000,"HI",66,24,"bachelors","b.com",1,2,2,0,"absent",1,0,0,0,0,"absent",1,0,"medium fair, medium looks","medium_fair","","fair",NA,"",0,0,0,0,1336
639,FALSE,2,"HC",FALSE,4,"MCG-HI","MC",35000,"HI",67,30,"masters","m.a",2,1,1,0,"business",0,0,0,1,0,"housewife",0,1,"medium fair, medium looks","medium_fair","","fair",NA,"",0,0,0,0,855
640,FALSE,2,"MC",FALSE,4,"MCG-HI","MC",35000,"HI",61,29,"masters","m.a",1,1,1,0,"business",0,0,0,1,0,"housewife",0,1,"medium fair, medium looks","medium_fair","","fair",NA,"",0,0,0,0,1158
641,FALSE,2,"HC",TRUE,4,"MCG-HI","MC",35000,"HI",62,28,"bachelors","b.com",1,1,1,0,"govt employee",0,1,0,0,0,"housewife",0,1,"medium fair, medium looks","medium_fair","","fair",NA,"",0,0,0,0,926
642,FALSE,2,"MC",FALSE,4,"MCG-HI","MC",35000,"HI",63,23,"bachelors","b.sc",2,1,1,0,"govt employee",0,1,0,0,0,"housewife",0,1,"medium fair, medium looks","medium_fair","","fair",NA,"",0,0,0,0,1184
643,FALSE,2,"MC",TRUE,4,"MCG-HI","MC",35000,"HI",60,23,"below_bachelors","h.s",1,1,1,0,"govt employee",0,1,0,0,0,"housewife",0,1,"medium fair, medium looks","medium_fair","","fair",NA,"",0,0,0,0,1293
644,FALSE,2,"HC",TRUE,4,"MCG-HI","MC",35000,"HI",67,29,"masters","m.a",1,1,1,0,"govt employee",0,1,0,0,0,"housewife",0,1,"medium fair, medium looks","medium_fair","","fair",NA,"",0,0,0,0,960
645,FALSE,2,"MC",FALSE,4,"MCG-HI","MC",35000,"HI",67,25,"masters","m.a",1,2,2,0,"govt employee",0,1,0,0,0,"housewife",0,1,"medium fair, medium looks","medium_fair","","fair",NA,"",0,0,0,0,1262
646,FALSE,2,"MC",TRUE,4,"MCG-HI","MC",35000,"HI",65,25,"bachelors","b.a",1,1,1,0,"pvt employee",0,0,1,0,0,"housewife",0,1,"medium fair, medium looks","medium_fair","","fair",NA,"",0,0,0,0,1331
647,FALSE,2,"MC",TRUE,4,"MCG-HI","MC",35000,"HI",65,23,"bachelors","b.com",2,1,1,0,"Retired",0,0,0,0,1,"housewife",0,1,"medium fair, medium looks","medium_fair","","fair",NA,"",0,0,0,0,1328
648,FALSE,2,"MC",FALSE,4,"MCG-HI","MC",35000,"HI",66,26,"below_bachelors","h.s",2,2,2,0,"Retired",0,0,0,0,1,"housewife",0,1,"medium fair, medium looks","medium_fair","","fair",NA,"",0,0,0,0,1244
649,FALSE,2,"MC",FALSE,4,"MCG-HI","MC",35000,"HI",68,25,"below_bachelors","madhyamik",2,1,1,0,"Retired",0,0,0,0,1,"housewife",0,1,"medium fair, medium looks","medium_fair","","fair",NA,"",0,0,0,0,1274
650,FALSE,2,"MC",FALSE,4,"MCG-HI","MC",35000,"HI",67,26,"bachelors","b.com",1,1,1,0,"business",0,0,0,1,0,"nm",0,0,"medium fair, medium looks","medium_fair","","fair",NA,"",0,0,0,0,1264
651,FALSE,2,"HC",TRUE,4,"MCG-HI","MC",35000,"HI",64,31,"below_bachelors","h.s",2,2,1,0,"nm",0,0,0,0,0,"nm",0,0,"medium fair, medium looks","medium_fair","","fair",NA,"",0,0,0,0,943
652,FALSE,2,"HC",FALSE,4,"MCG-HI","MC",35000,"HI",68,23,"bachelors","b.sc",2,3,1,0,"Retired",0,0,0,0,1,"retired",0,0,"medium fair, medium looks","medium_fair","","fair",NA,"",0,0,0,0,859
653,FALSE,2,"HC",TRUE,4,"MCG-HI","MC",35000,"HI",60,23,"bachelors","b.a",1,2,2,0,"absent",1,0,0,0,0,"teacher",0,0,"medium fair, medium looks","medium_fair","","fair",NA,"",0,0,0,0,908
654,FALSE,2,"MC",TRUE,4,"MCG-HI","MC",35000,"HI",60,28,"bachelors","b.a",0,2,1,0,"pvt employee",0,0,1,0,0,"housewife",0,1,"medium fair, very good looks","medium_fair","","very_good",NA,"flat owner",0,1,0,0,1297
655,FALSE,2,"MC",FALSE,4,"MCG-HI","MC",35000,"HI",62,23,"bachelors","b.sc",1,2,1,0,"pvt employee",0,0,1,0,0,"housewife",0,1,"medium fair,good looks","medium_fair","","good",NA,"",0,0,0,0,1165
656,FALSE,2,"MC",FALSE,4,"MCG-HI","MC",35000,"HI",67,22,"bachelors","bcom",2,1,1,0,"absent",1,0,0,0,0,"retired",0,0,"medium fair,medium looks","medium_fair","","fair",NA,"",0,0,0,0,1254
657,FALSE,2,"HC",FALSE,4,"MCG-HI","MC",35000,"HI",66,25,"bachelors","b.a",1,1,1,0,"Retired",0,0,0,0,1,"housewife",0,1,"medium fair/medium looks","medium_fair","","fair",NA,"",0,0,0,0,816
658,FALSE,2,"MC",FALSE,4,"MCG-HI","MC",35000,"HI",64,23,"bachelors","b.a",1,1,1,0,"Retired",0,0,0,0,1,"housewife",0,1,"meidum fair, medium looks","medium_fair","","fair",NA,"flat owner",0,1,0,0,1204
659,FALSE,2,"MC",FALSE,4,"MCG-HI","MC",35000,"HI",63,24,"bachelors","b.sc",2,1,1,0,"Retired",0,0,0,0,1,"retired",0,0,"nm",NA,"",NA,NA,"flat owner",0,1,0,0,1188
660,FALSE,2,"HC",TRUE,4,"MCG-HI","MC",35000,"HI",66,NA,"masters","m.tech",0,1,1,0,"Retired",0,0,0,0,1,"teacher",0,0,"slim",NA,"",NA,NA,"",0,0,0,0,958
661,FALSE,2,"MC",FALSE,4,"MCG-HI","MC",35000,"HI",67,24,"masters","m.a",1,3,1,0,"business",0,0,0,1,0,"housewife",0,1,"very fair","very_fair","",NA,NA,"",0,0,0,0,1260
662,FALSE,2,"HC",FALSE,4,"MCG-HI","MC",35000,"HI",69,29,"masters","m.a",0,1,1,1,"Retired",0,0,0,0,1,"housewife",0,1,"very fair","very_fair","",NA,NA,"",0,0,0,0,900
663,FALSE,2,"HC",FALSE,4,"MCG-HI","MC",35000,"HI",62,27,"bachelors","b.e",1,1,1,1,"Retired",0,0,0,0,1,"housewife",0,1,"very fair, fair looks","very_fair","","fair",5000,"flat owner",0,1,0,0,722
664,FALSE,2,"HC",FALSE,4,"MCG-HI","MC",35000,"HI",63,25,"bachelors","b.sc",0,2,2,0,"Retired",0,0,0,0,1,"housewife",0,1,"very fair, fair looks","very_fair","","fair",NA,"",0,0,0,0,739
665,FALSE,2,"MC",FALSE,4,"MCG-HI","MC",35000,"HI",64,24,"masters","m.a",0,1,1,0,"business",0,0,0,1,0,"housewife",0,1,"very fair, good looks","very_fair","","good",NA,"falt owner",0,1,0,0,1209
666,FALSE,2,"LC",FALSE,4,"MCG-HI","MC",35000,"HI",69,26,"masters","ma.",1,1,1,0,"govt employee",0,1,0,0,0,"housewife",0,1,"very fair, medium looks","very_fair","","fair",NA,"car owner",0,0,0,1,1085
667,FALSE,2,"MC",FALSE,4,"MCG-HI","MC",35000,"HI",63,23,"bachelors","b.a",2,2,2,0,"Retired",0,0,0,0,1,"housewife",0,1,"very fair, medium looks","very_fair","","fair",NA,"house owner",1,0,0,0,1180
668,FALSE,2,"HC",TRUE,4,"MCG-HI","MC",35000,"HI",66,21,"below_bachelors","h.s",1,2,1,0,"absent",1,0,0,0,0,"govt employee",0,0,"very fair, medium looks","very_fair","","fair",NA,"",0,0,0,0,952
669,FALSE,2,"MC",FALSE,4,"MCG-HI","MC",35000,"HI",62,29,"bachelors","b.sc",1,2,1,0,"govt employee",0,1,0,0,0,"housewife",0,1,"very fair, medium looks","very_fair","","fair",NA,"",0,0,0,0,1179
670,FALSE,2,"MC",FALSE,4,"MCG-HI","MC",35000,"HI",61,25,"masters","m.a",1,2,1,0,"govt employee",0,1,0,0,0,"housewife",0,1,"very fair, medium looks","very_fair","","fair",NA,"",0,0,0,0,1152
671,FALSE,2,"MC",FALSE,4,"MCG-HI","MC",35000,"HI",62,25,"bachelors","b.sc",2,1,1,0,"Retired",0,0,0,0,1,"housewife",0,1,"very fair, medium looks","very_fair","","fair",NA,"",0,0,0,0,1172
672,FALSE,2,"HC",FALSE,4,"MCG-HI","MC",35000,"HI",67,28,"bachelors","b.a",NA,1,1,0,"business",0,0,0,1,0,"absent",1,0,"very fair, very good looks","very_fair","","very_good",NA,"",0,0,0,0,853
673,FALSE,2,"HC",FALSE,4,"MCG-HI","MC",35000,"HI",60,28,"bachelors","b.sc",0,1,1,0,"govt employee",0,1,0,0,0,"nm",0,0,"Very fair,good look","very_fair","","good",NA,"",0,0,0,0,670
674,FALSE,2,"HC",FALSE,4,"MCG-HI","MC",35000,"HI",65,28,"bachelors","b.a",2,2,1,0,"Retired",0,0,0,0,1,"housewife",0,1,"very fair,medium looks","very_fair","","fair",NA,"",0,0,0,0,799
675,FALSE,1,"LC",TRUE,5,"MCG-MI","MC",15000,"MI",61,24,"masters","m.a",0,1,1,0,"govt employee",0,1,0,0,0,"nm",0,0,"nm",NA,"",NA,NA,"brother in usa",0,0,0,0,400
676,FALSE,1,"LC",FALSE,5,"MCG-MI","MC",15000,"MI",61,24,"bachelors","b.sc",1,2,2,0,"Retired",0,0,0,0,1,"housewife",0,1,"fair","fair","",NA,NA,"father physically challenged",0,0,0,0,267
677,FALSE,1,"LC",FALSE,5,"MCG-MI","MC",15000,"MI",64,25,"masters","m.a",0,1,1,1,"govt employee",0,1,0,0,0,"housewife",0,1,"medium fair","medium_fair","good looks","good",NA,"flat owner",0,1,0,0,374
678,FALSE,1,"HC",FALSE,5,"MCG-MI","MC",15000,"MI",63,24,"masters","m.a",0,1,1,0,"govt employee",0,1,0,0,0,"housewife",0,1,"fair","fair","medium looks","fair",NA,"flat owner",0,1,0,0,126
679,FALSE,1,"MC",FALSE,5,"MCG-MI","MC",15000,"MI",64,28,"masters","m.a",0,2,1,0,"pvt employee",0,0,1,0,0,"housewife",0,1,"very fair","very_fair","very good looks","very_good",NA,"flat owner",0,1,0,0,615
680,FALSE,1,"LC",TRUE,5,"MCG-MI","MC",15000,"MI",64,24,"masters","m.a",0,1,1,1,"Retired",0,0,0,0,1,"housewife",0,1,"medium fair","medium_fair","",NA,NA,"flat owner",0,1,0,0,415
681,FALSE,1,"LC",FALSE,5,"MCG-MI","MC",15000,"MI",64,27,"masters","m.a",0,1,1,1,"Retired",0,0,0,0,1,"housewife",0,1,"medium fair","medium_fair","",NA,NA,"flat owner",0,1,0,0,381
682,FALSE,1,"HC",FALSE,5,"MCG-MI","MC",15000,"MI",64,28,"bachelors","b.sc",0,1,1,0,"pvt employee",0,0,1,0,0,"housewife",0,1,"nm",NA,"",NA,NA,"flat owner",0,1,0,0,191
683,FALSE,1,"LC",TRUE,5,"MCG-MI","MC",15000,"MI",62,29,"bachelors","b.a",0,1,1,0,"Retired",0,0,0,0,1,"housewife",0,1,"medium fair","medium_fair","medium looks","fair",NA,"house owner",1,0,0,0,408
684,FALSE,1,"MC",FALSE,5,"MCG-MI","MC",15000,"MI",61,22,"bachelors","b.com",3,1,1,0,"Retired",0,0,0,0,1,"housewife",0,1,"medium fair","medium_fair","medium looks","fair",NA,"house owner",1,0,0,0,444
685,FALSE,1,"LC",TRUE,5,"MCG-MI","MC",15000,"MI",63,25,"masters","m.phil",1,2,1,0,"Retired",0,0,0,0,1,"housewife",0,1,"medium fair","medium_fair","medium looks","fair",NA,"house owner",1,0,0,0,411
686,FALSE,1,"MC",FALSE,5,"MCG-MI","MC",15000,"MI",63,23,"bachelors","b.a",0,2,2,0,"Retired",0,0,0,0,1,"housewife",0,1,"very fair","very_fair","medium looks","fair",NA,"house owner",1,0,0,0,549
687,FALSE,1,"LC",FALSE,5,"MCG-MI","MC",15000,"MI",63,27,"masters","m.phil",1,2,2,0,"Retired",0,0,0,0,1,"housewife",0,1,"medium fair","medium_fair","very good looks","very_good",NA,"house owner",1,0,0,0,351
688,FALSE,1,"LC",FALSE,5,"MCG-MI","MC",15000,"MI",63,22,"bachelors","b.sc",0,2,1,0,"Retired",0,0,0,0,1,"housewife",0,1,"fair","fair","",NA,NA,"house owner",1,0,0,0,320
689,FALSE,1,"MC",FALSE,5,"MCG-MI","MC",15000,"MI",62,21,"bachelors","b.a",1,1,1,0,"absent",1,0,0,0,0,"housewife",0,1,"fair","fair","medium looks","fair",NA,"house owner,polio",1,0,0,0,477
690,FALSE,1,"LC",TRUE,5,"MCG-MI","MC",15000,"MI",62,21,"bachelors","b.a",1,1,1,1,"Retired",0,0,0,0,1,"pvt employee",0,0,"medium fair","medium_fair","medium looks","fair",NA,"house, car owner",1,0,0,1,404
691,FALSE,1,"HC",FALSE,5,"MCG-MI","MC",15000,"MI",62,25,"bachelors","b.a",NA,2,2,1,"Retired",0,0,0,0,1,"housewife",0,1,"fair","fair","fairlooks","fair",NA,"",NA,NA,NA,NA,76
692,FALSE,1,"HC",FALSE,5,"MCG-MI","MC",15000,"MI",61,30,"bachelors","b.a",1,1,1,0,"absent",1,0,0,0,0,"housewife",0,1,"fair","fair","fairlooks","fair",NA,"",NA,NA,NA,NA,51
693,FALSE,1,"MC",FALSE,5,"MCG-MI","MC",15000,"MI",61,24,"masters","m.a",1,1,1,0,"Retired",0,0,0,0,1,"housewife",0,1,"fair","fair","good looks","good",NA,"",NA,NA,NA,NA,461
694,FALSE,1,"MC",FALSE,5,"MCG-MI","MC",15000,"MI",64,28,"masters","m.sc",0,2,1,0,"Retired",0,0,0,0,1,"housewife",0,1,"fair","fair","good looks","good",NA,"",NA,NA,NA,NA,616
695,FALSE,1,"LC",FALSE,5,"MCG-MI","MC",15000,"MI",63,20,"bachelors","b.com",2,1,1,0,"absent",1,0,0,0,0,"absent",1,0,"medium fair","medium_fair","good looks","good",NA,"",NA,NA,NA,NA,314
696,FALSE,1,"MC",FALSE,5,"MCG-MI","MC",15000,"MI",63,24,"masters","m.a",0,1,1,0,"business",0,0,0,1,0,"housewife",0,1,"very fair","very_fair","good looks","good",NA,"",NA,NA,NA,NA,556
697,FALSE,1,"LC",FALSE,5,"MCG-MI","MC",15000,"MI",64,27,"masters","m.a",1,1,1,0,"pvt employee",0,0,1,0,0,"housewife",0,1,"very fair","very_fair","good looks","good",NA,"",NA,NA,NA,NA,383
698,FALSE,1,"LC",FALSE,5,"MCG-MI","MC",15000,"MI",64,27,"masters","m.a",0,1,1,1,"Retired",0,0,0,0,1,"housewife",0,1,"very fair","very_fair","good looks","good",NA,"",NA,NA,NA,NA,382
699,FALSE,1,"MC",FALSE,5,"MCG-MI","MC",15000,"MI",64,23,"masters","m.a",0,1,1,0,"pvt employee",0,0,1,0,0,"housewife",0,1,"fair","fair","medium looks","fair",NA,"",NA,NA,NA,NA,594
700,FALSE,1,"MC",FALSE,5,"MCG-MI","MC",15000,"MI",59,NA,"bachelors","b.a",0,1,1,0,"Retired",0,0,0,0,1,"housewife",0,1,"fair","fair","medium looks","fair",NA,"",NA,NA,NA,NA,426
701,FALSE,1,"MC",FALSE,5,"MCG-MI","MC",15000,"MI",62,25,"bachelors","b.a",1,1,1,0,"Retired",0,0,0,0,1,"housewife",0,1,"fair","fair","medium looks","fair",NA,"",NA,NA,NA,NA,504
702,FALSE,1,"MC",FALSE,5,"MCG-MI","MC",15000,"MI",62,25,"masters","m.a",1,1,1,0,"business",0,0,0,1,0,"pvt teacher",0,0,"fair","fair","medium looks","fair",NA,"",NA,NA,NA,NA,515
703,FALSE,1,"LC",FALSE,5,"MCG-MI","MC",15000,"MI",63,22,"bachelors","b.a",1,1,1,0,"business",0,0,0,1,0,"govt. employee",0,0,"fair","fair","medium looks","fair",NA,"",NA,NA,NA,NA,318
704,TRUE,1,"LC",FALSE,5,"MCG-MI","MC",15000,"MI",63,22,"bachelors","b.a",1,1,1,0,"Retired",0,0,0,0,1,"govt. employee",0,0,"fair","fair","medium looks","fair",NA,"",NA,NA,NA,NA,317
705,FALSE,1,"LC",FALSE,5,"MCG-MI","MC",15000,"MI",62,24,"masters","m.sc",0,1,1,0,"business",0,0,0,1,0,"housewife",0,1,"fair","fair","medium looks","fair",NA,"",NA,NA,NA,NA,294
706,FALSE,1,"LC",FALSE,5,"MCG-MI","MC",15000,"MI",63,24,"bachelors","b.com",2,1,1,0,"absent",1,0,0,0,0,"absent",1,0,"medium fair","medium_fair","medium looks","fair",NA,"",NA,NA,NA,NA,332
707,FALSE,1,"MC",FALSE,5,"MCG-MI","MC",15000,"MI",62,23,"bachelors","b.sc",2,1,1,0,"govt employee",0,1,0,0,0,"housewife",0,1,"medium fair","medium_fair","medium looks","fair",NA,"",NA,NA,NA,NA,488
708,FALSE,1,"MC",FALSE,5,"MCG-MI","MC",15000,"MI",62,25,"masters","m.a",0,2,2,0,"govt employee",0,1,0,0,0,"housewife",0,1,"medium fair","medium_fair","medium looks","fair",NA,"",NA,NA,NA,NA,514
709,FALSE,1,"LC",TRUE,5,"MCG-MI","MC",15000,"MI",64,23,"masters","m.com",1,1,1,0,"pvt employee",0,0,1,0,0,"housewife",0,1,"medium fair","medium_fair","medium looks","fair",NA,"",NA,NA,NA,NA,414
710,FALSE,1,"MC",FALSE,5,"MCG-MI","MC",15000,"MI",62,25,"bachelors","b.a",1,1,1,0,"Retired",0,0,0,0,1,"housewife",0,1,"medium fair","medium_fair","medium looks","fair",NA,"",NA,NA,NA,NA,505
711,FALSE,1,"LC",TRUE,5,"MCG-MI","MC",15000,"MI",64,24,"masters","m.com",1,1,1,0,"Retired",0,0,0,0,1,"housewife",0,1,"medium fair","medium_fair","medium looks","fair",NA,"",NA,NA,NA,NA,416
712,FALSE,1,"LC",TRUE,5,"MCG-MI","MC",15000,"MI",62,24,"masters","m.sc",0,1,1,0,"Retired",0,0,0,0,1,"housewife",0,1,"medium fair","medium_fair","medium looks","fair",NA,"",NA,NA,NA,NA,405
713,FALSE,1,"HC",FALSE,5,"MCG-MI","MC",15000,"MI",62,23,"bachelors","b.sc",2,2,1,0,"Retired",0,0,0,0,1,"nm",0,0,"medium fair","medium_fair","medium looks","fair",NA,"",NA,NA,NA,NA,59
714,FALSE,1,"LC",TRUE,5,"MCG-MI","MC",15000,"MI",62,28,"masters","m.sc",0,1,1,0,"Retired",0,0,0,0,1,"nm",0,0,"medium fair","medium_fair","medium looks","fair",NA,"",NA,NA,NA,NA,407
715,FALSE,1,"HC",FALSE,5,"MCG-MI","MC",15000,"MI",62,23,"bachelors","b.a",1,3,2,0,"absent",1,0,0,0,0,"teacher",0,0,"medium fair","medium_fair","medium looks","fair",NA,"",NA,NA,NA,NA,58
716,FALSE,1,"MC",FALSE,5,"MCG-MI","MC",15000,"MI",62,25,"masters","m.a",1,2,1,0,"govt employee",0,1,0,0,0,"housewife",0,1,"very fair","very_fair","medium looks","fair",NA,"",NA,NA,NA,NA,516
717,FALSE,1,"MC",FALSE,5,"MCG-MI","MC",15000,"MI",64,25,"masters","m.a",2,1,1,0,"Retired",0,0,0,0,1,"housewife",0,1,"very fair","very_fair","medium looks","fair",NA,"",NA,NA,NA,NA,599
718,FALSE,1,"LC",FALSE,5,"MCG-MI","MC",15000,"MI",61,24,"bachelors","b.sc",1,1,1,0,"govt employee",0,1,0,0,0,"housewife",0,1,"very fair","very_fair","very good looks","very_good",NA,"",NA,NA,NA,NA,264
719,FALSE,1,"LC",FALSE,5,"MCG-MI","MC",15000,"MI",61,24,"bachelors","b.sc",1,1,1,1,"business",0,0,0,1,0,"housewife",0,1,"very fair","very_fair","very good looks","very_good",96000,"",NA,NA,NA,NA,263
720,FALSE,1,"HC",FALSE,5,"MCG-MI","MC",15000,"MI",64,25,"bachelors","b.a",1,1,1,0,"Retired",0,0,0,0,1,"housewife",0,1,"",NA,"fair looks","fair",NA,"",NA,NA,NA,NA,174
721,FALSE,1,"LC",FALSE,5,"MCG-MI","MC",15000,"MI",63,27,"masters","m.a",0,1,1,1,"Retired",0,0,0,0,1,"housewife",0,1,"fair","fair","good looks","good",60000,"",NA,NA,NA,NA,347
722,FALSE,1,"LC",FALSE,5,"MCG-MI","MC",15000,"MI",62,26,"masters","m.a",0,1,1,0,"govt employee",0,1,0,0,0,"housewife",0,1,"fair","fair","good looks","good",NA,"",NA,NA,NA,NA,307
723,FALSE,1,"LC",FALSE,5,"MCG-MI","MC",15000,"MI",62,26,"masters","m.a",0,1,1,0,"Retired",0,0,0,0,1,"pvt teacher",0,0,"fair","fair","good looks","good",NA,"",NA,NA,NA,NA,305
724,FALSE,1,"LC",FALSE,5,"MCG-MI","MC",15000,"MI",63,27,"masters","m.a",0,1,1,1,"Retired",0,0,0,0,1,"housewife",0,1,"fair","fair","good looks","good",NA,"",NA,NA,NA,NA,348
725,FALSE,1,"LC",FALSE,5,"MCG-MI","MC",15000,"MI",62,26,"masters","m.a",0,1,1,1,"Retired",0,0,0,0,1,"housewife",0,1,"medium fair","medium_fair","good looks","good",NA,"",NA,NA,NA,NA,304
726,FALSE,1,"MC",FALSE,5,"MCG-MI","MC",15000,"MI",NA,23,"bachelors","b.a",1,2,1,0,"pvt employee",0,0,1,0,0,"housewife",0,1,"medium fair","medium_fair","good looks","good",NA,"",NA,NA,NA,NA,623
727,FALSE,1,"LC",FALSE,5,"MCG-MI","MC",15000,"MI",63,27,"masters","m.a",0,1,1,1,"Retired",0,0,0,0,1,"housewife",0,1,"very fair","very_fair","good looks","good",NA,"",NA,NA,NA,NA,349
728,FALSE,1,"MC",FALSE,5,"MCG-MI","MC",15000,"MI",63,22,"bachelors","b.a",2,1,1,0,"absent",1,0,0,0,0,"retired",0,0,"very fair","very_fair","medium looks","fair",NA,"",NA,NA,NA,NA,544
729,FALSE,1,"LC",FALSE,5,"MCG-MI","MC",15000,"MI",61,24,"bachelors","b.sc",1,2,1,0,"govt employee",0,1,0,0,0,"housewife",0,1,"fair","fair","",NA,NA,"",NA,NA,NA,NA,266
730,FALSE,1,"HC",FALSE,5,"MCG-MI","MC",15000,"MI",62,25,"bachelors","b.a",2,3,2,0,"Retired",0,0,0,0,1,"housewife",0,1,"fair","fair","",NA,6000,"",NA,NA,NA,NA,73
731,TRUE,1,"LC",FALSE,5,"MCG-MI","MC",15000,"MI",63,24,"bachelors","b.com",2,1,1,0,"absent",1,0,0,0,0,"absent",1,0,"medium fair","medium_fair","",NA,NA,"",NA,NA,NA,NA,331
732,FALSE,1,"LC",FALSE,5,"MCG-MI","MC",15000,"MI",64,24,"masters","m.com",0,2,1,0,"govt employee",0,1,0,0,0,"housewife",0,1,"medium fair","medium_fair","",NA,NA,"",NA,NA,NA,NA,371
733,FALSE,1,"LC",FALSE,5,"MCG-MI","MC",15000,"MI",64,23,"masters","m.com",0,1,1,0,"pvt employee",0,0,1,0,0,"retired",0,0,"medium fair","medium_fair","",NA,NA,"",NA,NA,NA,NA,366
734,FALSE,1,"MC",FALSE,5,"MCG-MI","MC",15000,"MI",63,34,"masters","m.com",0,1,1,1,"Retired",0,0,0,0,1,"housewife",0,1,"nm",NA,"",NA,NA,"",NA,NA,NA,NA,588
735,FALSE,1,"LC",TRUE,5,"MCG-MI","MC",15000,"MI",61,26,"masters","m.a",0,2,1,0,"absent",1,0,0,0,0,"govt. employee",0,0,"nm",NA,"",NA,NA,"",NA,NA,NA,NA,402
736,FALSE,1,"HC",FALSE,5,"MCG-MI","MC",15000,"MI",63,29,"bachelors","b.sc",1,2,1,0,"govt employee",0,1,0,0,0,"housewife",0,1,"nm",NA,"",NA,NA,"",NA,NA,NA,NA,157
737,FALSE,1,"MC",FALSE,5,"MCG-MI","MC",15000,"MI",63,29,"bachelors","b.sc",1,2,1,0,"govt employee",0,1,0,0,0,"housewife",0,1,"nm",NA,"",NA,NA,"",NA,NA,NA,NA,587
738,FALSE,1,"HC",FALSE,5,"MCG-MI","MC",15000,"MI",63,34,"bachelors","b.com",2,2,1,0,"Retired",0,0,0,0,1,"housewife",0,1,"nm",NA,"",NA,NA,"",NA,NA,NA,NA,164
739,FALSE,1,"HC",FALSE,5,"MCG-MI","MC",15000,"MI",67,22,"masters","m.a",0,2,2,0,"Retired",0,0,0,0,1,"housewife",0,1,"nm",NA,"",NA,NA,"",NA,NA,NA,NA,204
740,FALSE,1,"MC",FALSE,5,"MCG-MI","MC",15000,"MI",60,24,"masters","m.a",0,1,1,0,"Retired",0,0,0,0,1,"housewife",0,1,"nm",NA,"",NA,NA,"",NA,NA,NA,NA,431
741,FALSE,1,"MC",FALSE,5,"MCG-MI","MC",15000,"MI",60,22,"masters","m.a",0,1,1,0,"Retired",0,0,0,0,1,"housewife",0,1,"nm",NA,"",NA,NA,"",NA,NA,NA,NA,428
742,FALSE,1,"HC",FALSE,5,"MCG-MI","MC",15000,"MI",NA,30,"bachelors","b.e",NA,1,1,0,"nm",0,0,0,0,0,"nm",0,0,"nm",NA,"",NA,NA,"",NA,NA,NA,NA,215
743,FALSE,1,"LC",TRUE,5,"MCG-MI","MC",15000,"MI",61,26,"masters","m.a",0,2,2,0,"nm",0,0,0,0,0,"nm",0,0,"nm",NA,"",NA,NA,"",NA,NA,NA,NA,403
744,FALSE,1,"MC",FALSE,5,"MCG-MI","MC",15000,"MI",NA,30,"bachelors","b.e",NA,3,2,0,"nm",0,0,0,0,0,"retired",0,0,"nm",NA,"",NA,NA,"",NA,NA,NA,NA,626
745,FALSE,1,"LC",FALSE,5,"MCG-MI","MC",15000,"MI",66,28,"bachelors","bba",0,2,1,1,"professor",0,1,0,0,0,"housewife",0,1,"very fair","very_fair","",NA,NA,"",NA,NA,NA,NA,393
746,FALSE,1,"LC",FALSE,5,"MCG-MI","MC",15000,"MI",66,25,"masters","mba",0,1,1,1,"professor",0,1,0,0,0,"housewife",0,1,"very fair","very_fair","",NA,NA,"",NA,NA,NA,NA,391
747,FALSE,1,"MC",FALSE,5,"MCG-MI","MC",15000,"MI",61,24,"masters","m.a",0,1,1,0,"business",0,0,0,1,0,"housewife",0,1,"very fair","very_fair","",NA,NA,"",NA,NA,NA,NA,458
748,FALSE,1,"LC",FALSE,5,"MCG-MI","MC",15000,"MI",61,27,"bachelors","b.sc",1,2,1,0,"Retired",0,0,0,0,1,"housewife",0,1,"very fair","very_fair","",NA,NA,"",NA,NA,NA,NA,280
749,FALSE,1,"HC",FALSE,5,"MCG-MI","MC",15000,"MI",61,29,"masters","m.a",0,1,1,1,"Retired",0,0,0,0,1,"housewife",0,1,"very fair","very_fair","",NA,NA,"",NA,NA,NA,NA,50
750,FALSE,2,"MC",FALSE,5,"MCG-MI","MC",15000,"MI",69,24,"bachelors","b.a",1,2,1,0,"absent",1,0,0,0,0,"housewife",0,1,"fair, good looks","fair","","good",NA,"",0,0,0,0,1284
751,FALSE,2,"MC",FALSE,5,"MCG-MI","MC",15000,"MI",66,26,"below_bachelors","h.s",1,1,1,0,"Retired",0,0,0,0,1,"housewife",0,1,"fair, good looks","fair","","good",NA,"",0,0,0,0,1242
752,FALSE,2,"LC",FALSE,5,"MCG-MI","MC",15000,"MI",65,28,"below_bachelors","h.s",0,1,1,0,"govt employee",0,1,0,0,0,"retired",0,0,"fair, good looks","fair","","good",NA,"",0,0,0,0,1035
753,FALSE,2,"LC",FALSE,5,"MCG-MI","MC",15000,"MI",60,23,"bachelors","b.a",0,1,1,0,"govt employee",0,1,0,0,0,"absent",1,0,"fair, medium looks","fair","","fair",NA,"flat owner",0,1,0,0,975
754,FALSE,2,"LC",FALSE,5,"MCG-MI","MC",15000,"MI",62,24,"bachelors","b.sc",0,1,1,0,"govt employee",0,1,0,0,0,"housewife",0,1,"fair, medium looks","fair","","fair",NA,"",0,0,0,0,994
755,FALSE,2,"HC",TRUE,5,"MCG-MI","MC",15000,"MI",62,29,"bachelors","b.sc",2,1,1,0,"Retired",0,0,0,0,1,"housewife",0,1,"fair, medium looks","fair","","fair",NA,"",0,0,0,0,928
756,FALSE,2,"LC",TRUE,5,"MCG-MI","MC",15000,"MI",65,22,NA,"nm",1,2,1,0,"Retired",0,0,0,0,1,"retired",0,0,"fair, medium looks","fair","","fair",NA,"",0,0,0,0,1109
757,FALSE,2,"MC",FALSE,5,"MCG-MI","MC",15000,"MI",72,27,"bachelors","b.sc",0,1,1,0,"Retired",0,0,0,0,1,"housewife",0,1,"fair","fair","",NA,NA,"house owner",1,0,0,0,1290
758,FALSE,2,"MC",TRUE,5,"MCG-MI","MC",15000,"MI",61,26,"bachelors","b.a",0,1,1,0,"Retired",0,0,0,0,1,"housewife",0,1,"fair , medium looks","fair","","fair",NA,"",0,0,0,0,1300
759,FALSE,2,"HC",FALSE,5,"MCG-MI","MC",15000,"MI",63,27,"bachelors","b.sc",1,1,1,0,"Retired",0,0,0,0,1,"absent",1,0,"fair looks",NA,"","fair",NA,"",0,0,0,0,751
760,FALSE,2,"HC",TRUE,5,"MCG-MI","MC",15000,"MI",62,26,"bachelors","b.com",2,1,1,0,"business",0,0,0,1,0,"housewife",0,1,"fair looks",NA,"","fair",NA,"",0,0,0,0,925
761,FALSE,2,"HC",FALSE,5,"MCG-MI","MC",15000,"MI",49,32,"bachelors","b.a",1,1,1,0,"Retired",0,0,0,0,1,"absent",1,0,"fair, fair looks","fair","","fair",NA,"",0,0,0,0,647
762,FALSE,2,"HC",FALSE,5,"MCG-MI","MC",15000,"MI",62,31,"bachelors","b.a",2,1,1,0,"Retired",0,0,0,0,1,"housewife",0,1,"fair, fair looks","fair","","fair",NA,"",0,0,0,0,730
763,FALSE,2,"MC",FALSE,5,"MCG-MI","MC",15000,"MI",66,26,"below_bachelors","h.s",1,1,1,0,"pvt employee",0,0,1,0,0,"housewife",0,1,"fair, good looks","fair","","good",NA,"",0,0,0,0,1243
764,FALSE,2,"MC",FALSE,5,"MCG-MI","MC",15000,"MI",60,26,"bachelors","b.a",0,1,1,0,"Retired",0,0,0,0,1,"housewife",0,1,"fair, good looks","fair","","good",NA,"",0,0,0,0,1133
765,FALSE,2,"MC",FALSE,5,"MCG-MI","MC",15000,"MI",62,25,"below_bachelors","madhyamik",2,1,1,0,"nm",0,0,0,0,0,"nm",0,0,"fair, good looks","fair","","good",NA,"",0,0,0,0,1174
766,FALSE,2,"MC",FALSE,5,"MCG-MI","MC",15000,"MI",72,27,"below_bachelors","11th",2,1,1,0,"Retired",0,0,0,0,1,"retired",0,0,"fair, good looks","fair","","good",NA,"",0,0,0,0,1289
767,FALSE,2,"HC",FALSE,5,"MCG-MI","MC",15000,"MI",65,28,"bachelors","b.com",0,1,1,0,"Retired",0,0,0,0,1,"housewife",0,1,"fair, medium looks","fair","","fair",NA,"",0,0,0,0,800
768,FALSE,2,"MC",TRUE,5,"MCG-MI","MC",15000,"MI",63,24,"below_bachelors","madhyamik",1,1,1,0,"Retired",0,0,0,0,1,"retired",0,0,"fair, medium looks","fair","","fair",NA,"",0,0,0,0,1312
769,FALSE,2,"MC",FALSE,5,"MCG-MI","MC",15000,"MI",69,23,"bachelors","b.a",1,2,1,0,"absent",1,0,0,0,0,"teacher",0,0,"fair, mediumlooks","fair","","fair",NA,"",0,0,0,0,1283
770,FALSE,2,"HC",FALSE,5,"MCG-MI","MC",15000,"MI",61,27,"below_bachelors","madhyamik",1,2,1,1,"Retired",0,0,0,0,1,"housewife",0,1,"fair,fair looks","fair","","fair",NA,"",0,0,0,0,695
771,FALSE,2,"MC",FALSE,5,"MCG-MI","MC",15000,"MI",69,27,"bachelors","b.com",1,2,2,0,"Retired",0,0,0,0,1,"housewife",0,1,"fair,good looks","fair","","good",NA,"",0,0,0,0,1287
772,FALSE,2,"MC",FALSE,5,"MCG-MI","MC",15000,"MI",68,26,"masters","m.a",0,1,1,0,"Retired",0,0,0,0,1,"housewife",0,1,"fair,medium looks","fair","","fair",NA,"house owner",1,0,0,0,1276
773,FALSE,2,"LC",FALSE,5,"MCG-MI","MC",15000,"MI",67,30,"masters","m.sc",0,1,1,1,"Retired",0,0,0,0,1,"retired",0,0,"fair., good looks","fair","","good",NA,"house owner",1,0,0,0,1064
774,FALSE,2,"HC",TRUE,5,"MCG-MI","MC",15000,"MI",61,26,"masters","m.a",0,1,1,0,"govt employee",0,1,0,0,0,"housewife",0,1,"good looks",NA,"","good",NA,"",0,0,0,0,916
775,FALSE,2,"MC",FALSE,5,"MCG-MI","MC",15000,"MI",68,27,"below_bachelors","h.s",2,1,1,0,"business",0,0,0,1,0,"housewife",0,1,"medium fair","medium_fair","",NA,NA,"flat owner",0,1,0,0,1280
776,FALSE,2,"MC",FALSE,5,"MCG-MI","MC",15000,"MI",66,24,"bachelors","b.a",2,1,1,0,"absent",1,0,0,0,0,"absent",1,0,"medium fair","medium_fair","",NA,NA,"",0,0,0,0,1236
777,FALSE,2,"HC",TRUE,5,"MCG-MI","MC",15000,"MI",66,30,"bachelors","b.com",2,2,2,0,"absent",1,0,0,0,0,"absent",1,0,"medium fair","medium_fair","",NA,NA,"",0,0,0,0,957
778,FALSE,2,"HC",FALSE,5,"MCG-MI","MC",15000,"MI",64,31,"bachelors","b.com",0,2,2,0,"Retired",0,0,0,0,1,"absent",1,0,"medium fair","medium_fair","",NA,NA,"",0,0,0,0,780
779,FALSE,2,"HC",FALSE,5,"MCG-MI","MC",15000,"MI",65,25,"bachelors","b.a",1,1,1,0,"govt employee",0,1,0,0,0,"housewife",0,1,"medium fair, fair looks","medium_fair","","fair",NA,"house owner",1,0,0,0,791
780,FALSE,2,"HC",TRUE,5,"MCG-MI","MC",15000,"MI",62,30,"bachelors","b.com",2,2,2,0,"absent",1,0,0,0,0,"housewife",0,1,"medium fair, fair looks","medium_fair","","fair",NA,"",0,0,0,0,929
781,FALSE,2,"LC",FALSE,5,"MCG-MI","MC",15000,"MI",62,27,"masters","m.com",0,1,1,0,"govt employee",0,1,0,0,0,"pvt employee",0,0,"medium fair, good looks","medium_fair","","good",NA,"car,flat owner",0,1,0,1,999
782,FALSE,2,"LC",FALSE,5,"MCG-MI","MC",15000,"MI",63,28,"masters","m.a",2,1,1,0,"pvt employee",0,0,1,0,0,"housewife",0,1,"medium fair, good looks","medium_fair","","good",NA,"house owner",1,0,0,0,1018
783,FALSE,2,"MC",FALSE,5,"MCG-MI","MC",15000,"MI",66,27,"bachelors","b.com",1,2,1,0,"Retired",0,0,0,0,1,"housewife",0,1,"medium fair, good looks","medium_fair","","good",NA,"house owner",1,0,0,0,1247
784,FALSE,2,"LC",FALSE,5,"MCG-MI","MC",15000,"MI",67,26,"masters","m.sc",0,1,1,0,"Retired",0,0,0,0,1,"retired",0,0,"medium fair, good looks","medium_fair","","good",NA,"house,car owner",1,0,0,1,1062
785,FALSE,2,"MC",TRUE,5,"MCG-MI","MC",15000,"MI",64,21,"below_bachelors","h.s",1,2,2,0,"pvt employee",0,0,1,0,0,"retired",0,0,"medium fair, good looks","medium_fair","","good",NA,"",0,0,0,0,1318
786,FALSE,2,"HC",FALSE,5,"MCG-MI","MC",15000,"MI",65,27,"masters","m.a",0,1,1,0,"Retired",0,0,0,0,1,"housewife",0,1,"medium fair, medium looks","medium_fair","","fair",NA,"house owner",1,0,0,0,797
787,FALSE,2,"LC",TRUE,5,"MCG-MI","MC",15000,"MI",64,28,"bachelors","b.com",0,1,1,0,"business",0,0,0,1,0,"retired",0,0,"medium fair, medium looks","medium_fair","","fair",NA,"house owner",1,0,0,0,1106
788,FALSE,2,"HC",TRUE,5,"MCG-MI","MC",15000,"MI",61,29,"bachelors","b.com",1,1,1,0,"business",0,0,0,1,0,"housewife",0,1,"medium fair, medium looks","medium_fair","","fair",NA,"",0,0,0,0,917
789,FALSE,2,"HC",FALSE,5,"MCG-MI","MC",15000,"MI",61,24,"bachelors","b.a",1,1,1,0,"govt employee",0,1,0,0,0,"housewife",0,1,"medium fair, medium looks","medium_fair","","fair",NA,"",0,0,0,0,682
790,FALSE,2,"MC",FALSE,5,"MCG-MI","MC",15000,"MI",68,26,"bachelors","b.a",1,1,1,0,"govt employee",0,1,0,0,0,"housewife",0,1,"medium fair, medium looks","medium_fair","","fair",NA,"",0,0,0,0,1275
791,FALSE,2,"LC",TRUE,5,"MCG-MI","MC",15000,"MI",65,26,"masters","m.a",1,1,1,0,"govt employee",0,1,0,0,0,"housewife",0,1,"medium fair, medium looks","medium_fair","","fair",NA,"",0,0,0,0,1111
792,FALSE,2,"MC",FALSE,5,"MCG-MI","MC",15000,"MI",65,22,"bachelors","b.com",1,1,1,0,"govt. employee",0,1,0,0,0,"housewife",0,1,"medium fair, medium looks","medium_fair","","fair",NA,"",0,0,0,0,1221
793,FALSE,2,"MC",FALSE,5,"MCG-MI","MC",15000,"MI",61,25,"bachelors","b.com",2,2,1,0,"govt. employee",0,1,0,0,0,"housewife",0,1,"medium fair, medium looksr","medium_fair","","fair",NA,"",0,0,0,0,1149
794,FALSE,2,"MC",FALSE,5,"MCG-MI","MC",15000,"MI",63,28,"bachelors","b.sc",0,2,2,0,"business",0,0,0,1,0,"housewife",0,1,"medium fair,good looks","medium_fair","","good",NA,"",0,0,0,0,1197
795,FALSE,2,"MC",FALSE,5,"MCG-MI","MC",15000,"MI",61,24,"bachelors","b.a",3,2,1,0,"Retired",0,0,0,0,1,"retired",0,0,"medium fair,good looks","medium_fair","","good",NA,"",0,0,0,0,1145
796,FALSE,2,"MC",FALSE,5,"MCG-MI","MC",15000,"MI",61,26,"bachelors","b.a",1,1,1,0,"Retired",0,0,0,0,1,"housewife",0,1,"medium looks",NA,"","fair",NA,"land owner",0,0,1,0,1153
797,FALSE,2,"MC",TRUE,5,"MCG-MI","MC",15000,"MI",68,28,"masters","m.a",2,2,1,1,"Retired",0,0,0,0,1,"nm",0,0,"medium looks",NA,"","fair",NA,"",0,0,0,0,1353
798,FALSE,2,"HC",FALSE,5,"MCG-MI","MC",15000,"MI",64,24,"bachelors","b.sc",0,1,1,0,"business",0,0,0,1,0,"retired",0,0,"medium looks",NA,"","fair",NA,"",0,0,0,0,765
799,FALSE,2,"HC",FALSE,5,"MCG-MI","MC",15000,"MI",63,27,"masters","m.a",1,1,1,0,"govt employee",0,1,0,0,0,"housewife",0,1,"medium, medium looks","medium_fair","","fair",NA,"flat owner, car owner",0,1,0,1,755
800,FALSE,2,"MC",TRUE,5,"MCG-MI","MC",15000,"MI",67,26,"bachelors","b.a",1,2,2,0,"business",0,0,0,1,0,"business",0,0,"nm",NA,"",NA,NA,"",0,0,0,0,1342
801,FALSE,2,"MC",TRUE,5,"MCG-MI","MC",15000,"MI",61,23,"below_bachelors","h.s",0,2,1,0,"absent",1,0,0,0,0,"housewife",0,1,"nm",NA,"",NA,NA,"",0,0,0,0,1298
802,FALSE,2,"LC",FALSE,5,"MCG-MI","MC",15000,"MI",66,25,"bachelors","b.com",1,1,1,0,"business",0,0,0,1,0,"housewife",0,1,"veru fair, very good looks","very_fair","","very_good",NA,"",0,0,0,0,1049
803,FALSE,2,"MC",FALSE,5,"MCG-MI","MC",15000,"MI",63,23,"bachelors","b.a",2,3,2,0,"nm",0,0,0,0,0,"absent",1,0,"very fair","very_fair","",NA,NA,"",0,0,0,0,1181
804,FALSE,2,"HC",FALSE,5,"MCG-MI","MC",15000,"MI",64,23,"bachelors","b.sc",1,1,1,0,"Retired",0,0,0,0,1,"housewife",0,1,"very fair","very_fair","",NA,NA,"",0,0,0,0,760
805,FALSE,2,"HC",FALSE,5,"MCG-MI","MC",15000,"MI",67,28,"below_bachelors","h.s",2,1,1,0,"business",0,0,0,1,0,"housewife",0,1,"very fair, fair looks","very_fair","","fair",NA,"",0,0,0,0,854
806,FALSE,2,"HC",FALSE,5,"MCG-MI","MC",15000,"MI",63,27,"bachelors","b.sc",1,1,1,0,"Retired",0,0,0,0,1,"housewife",0,1,"very fair, fair looks","very_fair","","fair",NA,"",0,0,0,0,752
807,FALSE,2,"LC",FALSE,5,"MCG-MI","MC",15000,"MI",61,26,"bachelors","b.a",0,1,1,0,"govt employee",0,1,0,0,0,"pvt employee",0,0,"very fair, good looks","very_fair","","good",NA,"house owner",1,0,0,0,987
808,FALSE,2,"HC",FALSE,5,"MCG-MI","MC",15000,"MI",67,24,"masters","m.a",1,2,1,1,"Retired",0,0,0,0,1,"housewife",0,1,"very fair, good looks","very_fair","","good",NA,"land owner",0,0,1,0,839
809,FALSE,2,"HC",FALSE,5,"MCG-MI","MC",15000,"MI",67,27,"bachelors","b.sc",2,2,2,0,"absent",1,0,0,0,0,"housewife",0,1,"very fair, good looks","very_fair","","good",NA,"",0,0,0,0,851
810,FALSE,2,"HC",TRUE,5,"MCG-MI","MC",15000,"MI",57,26,"masters","m.sc",1,2,1,0,"Retired",0,0,0,0,1,"teacher",0,0,"very fair, good looks","very_fair","","good",NA,"",0,0,0,0,907
811,FALSE,2,"LC",FALSE,5,"MCG-MI","MC",15000,"MI",61,22,"bachelors","b.a",1,2,1,0,"govt employee",0,1,0,0,0,"housewife",0,1,"very fair, medium looks","very_fair","","fair",NA,"land owner",0,0,1,0,982
812,FALSE,2,"LC",FALSE,5,"MCG-MI","MC",15000,"MI",63,25,"bachelors","b.com",1,1,1,0,"business",0,0,0,1,0,"housewife",0,1,"very fair, medium looks","very_fair","","fair",NA,"shop owner",0,0,0,0,1008
813,FALSE,2,"LC",TRUE,5,"MCG-MI","MC",15000,"MI",63,28,"masters","m.com",0,1,1,0,"absent",1,0,0,0,0,"govt employee",0,0,"very fair, medium looks","very_fair","","fair",NA,"",0,0,0,0,1103
814,FALSE,2,"LC",FALSE,5,"MCG-MI","MC",15000,"MI",63,24,"bachelors","b.a",0,1,1,0,"govt employee",0,1,0,0,0,"housewife",0,1,"very fair, medium looks","very_fair","","fair",NA,"",0,0,0,0,1004
815,FALSE,2,"MC",FALSE,5,"MCG-MI","MC",15000,"MI",67,24,"bachelors","b.a",0,1,1,0,"Retired",0,0,0,0,1,"retired",0,0,"very fair, medium looks","very_fair","","fair",NA,"",0,0,0,0,1256
816,FALSE,2,"LC",TRUE,5,"MCG-MI","MC",15000,"MI",64,26,"bachelors","b.a",0,1,1,1,"absent",1,0,0,0,0,"housewife",0,1,"very fair, medium looks","very_fair","","fair",NA,"",0,0,0,0,1104
817,FALSE,2,"MC",FALSE,5,"MCG-MI","MC",15000,"MI",66,29,"bachelors","b.com",2,1,1,0,"Retired",0,0,0,0,1,"retired",0,0,"Very fair, slim,good look","very_fair","","good",NA,"flat owner",0,1,0,0,1252
818,FALSE,1,"HC",FALSE,6,"MCG-LI","MC",7000,"LI",62,27,"bachelors","b.e",NA,1,1,1,"Retired",0,0,0,0,1,"housewife",0,1,"very fair","very_fair","fair looks","fair",5000,"flat owner",0,1,0,0,92
819,FALSE,1,"LC",FALSE,6,"MCG-LI","MC",7000,"LI",63,26,"bachelors","b.a",1,2,1,0,"govt employee",0,1,0,0,0,"govt. employee",0,0,"fair","fair","medium looks","fair",NA,"flat owner",0,1,0,0,341
820,FALSE,1,"LC",FALSE,6,"MCG-LI","MC",7000,"LI",64,24,"masters","m.a",0,1,1,1,"business",0,0,0,1,0,"housewife",0,1,"medium fair","medium_fair","",NA,NA,"flat owner",0,1,0,0,370
821,FALSE,1,"LC",FALSE,6,"MCG-LI","MC",7000,"LI",63,25,"masters","m.a",1,2,1,0,"Retired",0,0,0,0,1,"housewife",0,1,"medium fair","medium_fair","medium looks","fair",NA,"house owner",1,0,0,0,340
822,FALSE,1,"LC",FALSE,6,"MCG-LI","MC",7000,"LI",62,29,"bachelors","b.a",1,2,1,0,"business",0,0,0,1,0,"retired",0,0,"fair","fair","medium looks","fair",NA,"house, car owner",1,0,0,1,312
823,FALSE,1,"LC",FALSE,6,"MCG-LI","MC",7000,"LI",61,26,"masters","m.a",1,1,1,0,"govt employee",0,1,0,0,0,"nm",0,0,"very fair","very_fair","good looks","good",NA,"land owner",0,0,1,0,277
824,FALSE,1,"HC",FALSE,6,"MCG-LI","MC",7000,"LI",62,NA,"bachelors","b.a",2,2,1,0,"Retired",0,0,0,0,1,"housewife",0,1,"fair","fair","fair looks","fair",NA,"",NA,NA,NA,NA,111
825,FALSE,1,"HC",FALSE,6,"MCG-LI","MC",7000,"LI",57,22,"bachelors","b.com",0,1,1,0,"Retired",0,0,0,0,1,"housewife",0,1,"fair","fair","fair looks","fair",NA,"",NA,NA,NA,NA,4
826,FALSE,1,"LC",FALSE,6,"MCG-LI","MC",7000,"LI",61,24,"bachelors","b.sc",1,2,1,0,"business",0,0,0,1,0,"govt employee",0,0,"medium fair","medium_fair","fair looks","fair",NA,"",NA,NA,NA,NA,265
827,FALSE,1,"LC",FALSE,6,"MCG-LI","MC",7000,"LI",64,27,"masters","m.a",1,2,1,0,"pvt employee",0,0,1,0,0,"housewife",0,1,"very fair","very_fair","good looks","good",NA,"",NA,NA,NA,NA,384
828,FALSE,1,"LC",FALSE,6,"MCG-LI","MC",7000,"LI",64,22,"bachelors","b.com",1,1,1,0,"Retired",0,0,0,0,1,"housewife",0,1,"very fair","very_fair","good looks","good",NA,"",NA,NA,NA,NA,356
829,FALSE,1,"HC",FALSE,6,"MCG-LI","MC",7000,"LI",63,25,"bachelors","b.a",NA,3,2,0,"Retired",0,0,0,0,1,"housewife",0,1,"fair","fair","medium looks","fair",NA,"",NA,NA,NA,NA,130
830,FALSE,1,"MC",FALSE,6,"MCG-LI","MC",7000,"LI",63,22,"bachelors","b.a",1,2,2,0,"Retired",0,0,0,0,1,"housewife",0,1,"fair","fair","medium looks","fair",NA,"",NA,NA,NA,NA,543
831,FALSE,1,"MC",FALSE,6,"MCG-LI","MC",7000,"LI",57,NA,"bachelors","b.a",0,1,1,0,"Retired",0,0,0,0,1,"housewife",0,1,"fair","fair","medium looks","fair",NA,"",NA,NA,NA,NA,424
832,FALSE,1,"MC",FALSE,6,"MCG-LI","MC",7000,"LI",62,25,"bachelors","b.sc",0,1,1,0,"Retired",0,0,0,0,1,"housewife",0,1,"fair","fair","medium looks","fair",NA,"",NA,NA,NA,NA,508
833,FALSE,1,"HC",FALSE,6,"MCG-LI","MC",7000,"LI",60,23,"masters","m.a",1,3,2,0,"absent",1,0,0,0,0,"housewife",0,1,"",NA,"medium looks","fair",NA,"",NA,NA,NA,NA,11
834,FALSE,1,"MC",FALSE,6,"MCG-LI","MC",7000,"LI",62,27,"bachelors","b.e",0,1,1,0,"Retired",0,0,0,0,1,"nm",0,0,"fair","fair","medium looks","fair",NA,"",NA,NA,NA,NA,530
835,FALSE,1,"MC",FALSE,6,"MCG-LI","MC",7000,"LI",61,23,"bachelors","b.com",1,1,1,0,"govt employee",0,1,0,0,0,"housewife",0,1,"medium fair","medium_fair","medium looks","fair",NA,"",NA,NA,NA,NA,448
836,FALSE,1,"MC",FALSE,6,"MCG-LI","MC",7000,"LI",56,28,"masters","m.a",1,2,1,0,"govt employee",0,1,0,0,0,"housewife",0,1,"medium fair","medium_fair","medium looks","fair",NA,"",NA,NA,NA,NA,419
837,FALSE,1,"HC",FALSE,6,"MCG-LI","MC",7000,"LI",60,28,"bachelors","b.com",1,1,1,0,"Retired",0,0,0,0,1,"housewife",0,1,"medium fair","medium_fair","medium looks","fair",NA,"",NA,NA,NA,NA,19
838,FALSE,1,"MC",FALSE,6,"MCG-LI","MC",7000,"LI",62,26,"below_bachelors","h.s",2,2,2,0,"Retired",0,0,0,0,1,"housewife",0,1,"medium fair","medium_fair","medium looks","fair",NA,"",NA,NA,NA,NA,525
839,FALSE,1,"MC",FALSE,6,"MCG-LI","MC",7000,"LI",61,29,"masters","m.a",1,1,1,0,"Retired",0,0,0,0,1,"housewife",0,1,"medium fair","medium_fair","medium looks","fair",NA,"",NA,NA,NA,NA,475
840,FALSE,1,"MC",FALSE,6,"MCG-LI","MC",7000,"LI",62,26,"bachelors","b.com",1,1,1,0,"business",0,0,0,1,0,"nm",0,0,"medium fair","medium_fair","medium looks","fair",NA,"",NA,NA,NA,NA,524
841,FALSE,1,"MC",FALSE,6,"MCG-LI","MC",7000,"LI",57,25,"bachelors","b.com",2,1,1,0,"Retired",0,0,0,0,1,"housewife",0,1,"very fair","very_fair","medium looks","fair",NA,"",NA,NA,NA,NA,422
842,FALSE,1,"LC",FALSE,6,"MCG-LI","MC",7000,"LI",64,23,"bachelors","bba",1,1,1,1,"Retired",0,0,0,0,1,"housewife",0,1,"very fair","very_fair","medium looks","fair",NA,"",NA,NA,NA,NA,363
843,FALSE,1,"LC",FALSE,6,"MCG-LI","MC",7000,"LI",66,23,"masters","mba",0,1,1,1,"professor",0,1,0,0,0,"housewife",0,1,"very fair","very_fair","very good looks","very_good",NA,"",NA,NA,NA,NA,389
844,FALSE,1,"HC",FALSE,6,"MCG-LI","MC",7000,"LI",62,23,"masters","m.a",1,1,1,0,"govt employee",0,1,0,0,0,"nm",0,0,"",NA,"fair looks","fair",NA,"",NA,NA,NA,NA,61
845,FALSE,1,"LC",FALSE,6,"MCG-LI","MC",7000,"LI",63,24,"masters","m.a",0,1,1,0,"Retired",0,0,0,0,1,"housewife",0,1,"fair","fair","good looks","good",NA,"",NA,NA,NA,NA,333
846,FALSE,1,"LC",FALSE,6,"MCG-LI","MC",7000,"LI",62,26,"masters","m.a",0,1,1,0,"Retired",0,0,0,0,1,"housewife",0,1,"fair","fair","good looks","good",NA,"",NA,NA,NA,NA,303
847,FALSE,1,"HC",FALSE,6,"MCG-LI","MC",7000,"LI",63,28,"bachelors","b.a",2,2,1,0,"Retired",0,0,0,0,1,"housewife",0,1,"very fair","very_fair","medium looks","fair",NA,"",NA,NA,NA,NA,155
848,TRUE,1,"LC",FALSE,6,"MCG-LI","MC",7000,"LI",63,24,"bachelors","b.com",2,1,1,0,"absent",1,0,0,0,0,"absent",1,0,"medium fair","medium_fair","",NA,NA,"",NA,NA,NA,NA,331
849,FALSE,1,"LC",FALSE,6,"MCG-LI","MC",7000,"LI",64,23,"masters","m.com",0,1,1,0,"govt employee",0,1,0,0,0,"housewife",0,1,"medium fair","medium_fair","",NA,NA,"",NA,NA,NA,NA,365
850,FALSE,1,"HC",FALSE,6,"MCG-LI","MC",7000,"LI",63,23,"bachelors","b.a",0,2,1,0,"Retired",0,0,0,0,1,"housewife",0,1,"nm",NA,"",NA,NA,"",NA,NA,NA,NA,121
851,FALSE,1,"LC",FALSE,6,"MCG-LI","MC",7000,"LI",62,26,"masters","m.sc",0,2,1,0,"Retired",0,0,0,0,1,"housewife",0,1,"nm",NA,"",NA,NA,"",NA,NA,NA,NA,308
852,FALSE,1,"LC",FALSE,6,"MCG-LI","MC",7000,"LI",61,27,"bachelors","b.sc",1,3,2,0,"business",0,0,0,1,0,"retired",0,0,"very fair","very_fair","",NA,NA,"",NA,NA,NA,NA,281
853,FALSE,2,"LC",FALSE,6,"MCG-LI","MC",7000,"LI",68,23,"bachelors","b.a",2,1,1,0,"govt employee",0,1,0,0,0,"housewife",0,1,"fair, medium looks","fair","","fair",NA,"car,flat owner",0,1,0,1,1067
854,FALSE,2,"LC",TRUE,6,"MCG-LI","MC",7000,"LI",69,24,"bachelors","b.a",2,1,1,0,"pvt employee",0,0,1,0,0,"housewife",0,1,"fair, medium looks","fair","","fair",NA,"flat, land owner",0,1,1,0,1124
855,FALSE,2,"LC",TRUE,6,"MCG-LI","MC",7000,"LI",63,26,"bachelors","b.a",0,1,1,0,"govt employee",0,1,0,0,0,"housewife",0,1,"fair, medium looks","fair","","fair",NA,"",0,0,0,0,1101
856,FALSE,2,"LC",TRUE,6,"MCG-LI","MC",7000,"LI",68,28,"masters","m.a",1,1,1,0,"Retired",0,0,0,0,1,"housewife",0,1,"fair, medium looks","fair","","fair",NA,"",0,0,0,0,1119
857,FALSE,2,"MC",FALSE,6,"MCG-LI","MC",7000,"LI",68,23,"below_bachelors","madhyamik",1,1,1,0,"Retired",0,0,0,0,1,"housewife",0,1,"fair, medium looks","fair","","fair",NA,"",0,0,0,0,1273
858,FALSE,2,"LC",FALSE,6,"MCG-LI","MC",7000,"LI",63,20,"bachelors","b.a",1,1,1,0,"Retired",0,0,0,0,1,"retired",0,0,"fair, medium looks","fair","","fair",NA,"",0,0,0,0,1001
859,FALSE,2,"MC",TRUE,6,"MCG-LI","MC",7000,"LI",62,22,"bachelors","b.sc",2,2,2,0,"Retired",0,0,0,0,1,"housewife",0,1,"fair, slim,medium look","fair","","fair",NA,"",0,0,0,0,1305
860,FALSE,2,"LC",FALSE,6,"MCG-LI","MC",7000,"LI",68,28,"below_bachelors","madhyamik",1,1,1,0,"govt employee",0,1,0,0,0,"govt. employee",0,0,"fair, very good looks","fair","","very_good",NA,"",0,0,0,0,1075
861,FALSE,2,"MC",FALSE,6,"MCG-LI","MC",7000,"LI",65,23,"below_bachelors","h.s",0,1,1,0,"absent",1,0,0,0,0,"absent",1,0,"fair,good look","fair","","good",NA,"",0,0,0,0,1224
862,FALSE,2,"LC",FALSE,6,"MCG-LI","MC",7000,"LI",66,24,"bachelors","b.com",1,1,1,0,"business",0,0,0,1,0,"housewife",0,1,"very fair, medium looks","very_fair","","fair",NA,"",0,0,0,0,1046
863,FALSE,2,"MC",FALSE,6,"MCG-LI","MC",7000,"LI",65,23,"below_bachelors","h.s",1,2,2,0,"absent",1,0,0,0,0,"retired",0,0,"fair, good looks","fair","","good",NA,"",0,0,0,0,1225
864,FALSE,2,"MC",FALSE,6,"MCG-LI","MC",7000,"LI",64,27,"below_bachelors","h.s",3,1,1,0,"govt. employee",0,1,0,0,0,"housewife",0,1,"fair, medium looks","fair","","fair",NA,"flat owner",0,1,0,0,1216
865,FALSE,2,"MC",FALSE,6,"MCG-LI","MC",7000,"LI",60,28,"bachelors","b.com",1,1,1,0,"govt employee",0,1,0,0,0,"housewife",0,1,"fair, medium looks","fair","","fair",NA,"flat, car owner",0,1,0,1,1135
866,FALSE,2,"MC",FALSE,6,"MCG-LI","MC",7000,"LI",63,28,"below_bachelors","h.s",1,1,1,0,"Retired",0,0,0,0,1,"housewife",0,1,"fair, medium looks","fair","","fair",NA,"house owner",1,0,0,0,1198
867,FALSE,2,"HC",FALSE,6,"MCG-LI","MC",7000,"LI",67,26,"bachelors","b.sc",0,1,1,0,"govt employee",0,1,0,0,0,"housewife",0,1,"fair, medium looks","fair","","fair",NA,"land owner",0,0,1,0,847
868,FALSE,2,"MC",FALSE,6,"MCG-LI","MC",7000,"LI",61,24,"masters","ma.",1,2,1,0,"govt employee",0,1,0,0,0,"housewife",0,1,"fair, medium looks","fair","","fair",NA,"",0,0,0,0,1148
869,FALSE,2,"HC",FALSE,6,"MCG-LI","MC",7000,"LI",62,28,"bachelors","ba",0,2,1,1,"govt employee",0,1,0,0,0,"housewife",0,1,"fair, medium looks","fair","","fair",NA,"",0,0,0,0,726
870,FALSE,2,"LC",FALSE,6,"MCG-LI","MC",7000,"LI",64,24,"bachelors","b.a",1,1,1,0,"business",0,0,0,1,0,"pvt employee",0,0,"fair, medium looks looks","fair","","fair",NA,"",0,0,0,0,1021
871,FALSE,2,"LC",TRUE,6,"MCG-LI","MC",7000,"LI",65,26,"bachelors","b.a",1,1,1,1,"Retired",0,0,0,0,1,"retired",0,0,"fair, very good looks","fair","","very_good",NA,"",0,0,0,0,1110
872,FALSE,2,"HC",FALSE,6,"MCG-LI","MC",7000,"LI",60,22,"below_bachelors","h.s",1,1,1,0,"govt employee",0,1,0,0,0,"housewife",0,1,"fair,fair looks","fair","","fair",NA,"",0,0,0,0,652
873,FALSE,2,"MC",FALSE,6,"MCG-LI","MC",7000,"LI",61,24,"bachelors","b.a",2,1,1,0,"Retired",0,0,0,0,1,"housewife",0,1,"fair,medium looks","fair","","fair",NA,"",0,0,0,0,1144
874,FALSE,2,"MC",FALSE,6,"MCG-LI","MC",7000,"LI",66,25,"bachelors","b.com",1,1,1,0,"absent",1,0,0,0,0,"retired",0,0,"fair,medium looks","fair","","fair",NA,"",0,0,0,0,1238
875,FALSE,2,"MC",FALSE,6,"MCG-LI","MC",7000,"LI",64,23,"below_bachelors","h.s",2,2,2,0,"govt employee",0,1,0,0,0,"retired",0,0,"medium fair","medium_fair","",NA,NA,"",0,0,0,0,1205
876,FALSE,2,"MC",FALSE,6,"MCG-LI","MC",7000,"LI",65,26,"masters","ma.",1,2,1,0,"Retired",0,0,0,0,1,"retired",0,0,"medium fair, good looks","medium_fair","","good",NA,"",0,0,0,0,1228
877,FALSE,2,"LC",FALSE,6,"MCG-LI","MC",7000,"LI",63,26,"bachelors","b.a",1,1,1,0,"govt employee",0,1,0,0,0,"housewife",0,1,"medium fair, medium looks","medium_fair","","fair",NA,"car, house owner",1,0,0,1,1014
878,FALSE,2,"LC",TRUE,6,"MCG-LI","MC",7000,"LI",63,23,"masters","m.sc",0,1,1,0,"govt employee",0,1,0,0,0,"housewife",0,1,"medium fair, medium looks","medium_fair","","fair",NA,"house owner",1,0,0,0,1099
879,FALSE,2,"MC",FALSE,6,"MCG-LI","MC",7000,"LI",66,26,"bachelors","b.a",1,1,1,0,"Retired",0,0,0,0,1,"housewife",0,1,"medium fair, medium looks","medium_fair","","fair",NA,"house owner",1,0,0,0,1241
880,FALSE,2,"MC",FALSE,6,"MCG-LI","MC",7000,"LI",66,25,"masters","m.a",1,1,1,0,"Retired",0,0,0,0,1,"housewife",0,1,"medium fair, medium looks","medium_fair","","fair",NA,"house owner",1,0,0,0,1240
881,FALSE,2,"LC",FALSE,6,"MCG-LI","MC",7000,"LI",65,25,"below_bachelors","h.s",0,1,1,0,"Retired",0,0,0,0,1,"absent",1,0,"medium fair, medium looks","medium_fair","","fair",NA,"",0,0,0,0,1033
882,FALSE,2,"LC",TRUE,6,"MCG-LI","MC",7000,"LI",61,25,"bachelors","b.sc",0,1,1,0,"govt employee",0,1,0,0,0,"govt employee",0,0,"medium fair, medium looks","medium_fair","","fair",NA,"",0,0,0,0,1090
883,FALSE,2,"MC",TRUE,6,"MCG-LI","MC",7000,"LI",63,26,"bachelors","b.a",2,2,1,0,"Retired",0,0,0,0,1,"govt employee",0,0,"medium fair, medium looks","medium_fair","","fair",NA,"",0,0,0,0,1314
884,FALSE,2,"LC",FALSE,6,"MCG-LI","MC",7000,"LI",69,24,"below_bachelors","h.s",1,1,1,0,"Retired",0,0,0,0,1,"govt employee",0,0,"medium fair, medium looks","medium_fair","","fair",NA,"",0,0,0,0,1080
885,FALSE,2,"LC",TRUE,6,"MCG-LI","MC",7000,"LI",65,28,"bachelors","b.a",1,3,2,0,"absent",1,0,0,0,0,"housewife",0,1,"medium fair, medium looks","medium_fair","","fair",NA,"",0,0,0,0,1112
886,FALSE,2,"LC",FALSE,6,"MCG-LI","MC",7000,"LI",63,24,"masters","m.a",1,2,1,0,"absent",1,0,0,0,0,"housewife",0,1,"medium fair, medium looks","medium_fair","","fair",NA,"",0,0,0,0,1007
887,FALSE,2,"MC",FALSE,6,"MCG-LI","MC",7000,"LI",67,29,"below_bachelors","h.s",2,1,1,0,"business",0,0,0,1,0,"housewife",0,1,"medium fair, medium looks","medium_fair","","fair",NA,"",0,0,0,0,1268
888,FALSE,2,"HC",FALSE,6,"MCG-LI","MC",7000,"LI",66,23,"bachelors","b.e",0,3,2,0,"govt employee",0,1,0,0,0,"housewife",0,1,"medium fair, medium looks","medium_fair","","fair",NA,"",0,0,0,0,807
889,FALSE,2,"HC",FALSE,6,"MCG-LI","MC",7000,"LI",62,21,"bachelors","b.sc",0,2,2,0,"govt employee",0,1,0,0,0,"housewife",0,1,"medium fair, medium looks","medium_fair","","fair",NA,"",0,0,0,0,700
890,FALSE,2,"MC",FALSE,6,"MCG-LI","MC",7000,"LI",65,28,"bachelors","b.a",0,3,2,0,"Retired",0,0,0,0,1,"housewife",0,1,"medium fair, medium looks","medium_fair","","fair",NA,"",0,0,0,0,1230
891,FALSE,2,"MC",FALSE,6,"MCG-LI","MC",7000,"LI",63,23,"bachelors","b.sc",1,2,2,0,"absent",1,0,0,0,0,"govt employee",0,0,"medium fair, medium looksr","medium_fair","","fair",NA,"",0,0,0,0,1183
892,FALSE,2,"MC",FALSE,6,"MCG-LI","MC",7000,"LI",64,24,"bachelors","b.sc",1,2,2,0,"Retired",0,0,0,0,1,"housewife",0,1,"medium fair, medium looksr","medium_fair","","fair",NA,"",0,0,0,0,1208
893,FALSE,2,"MC",FALSE,6,"MCG-LI","MC",7000,"LI",62,21,"bachelors","b.a",1,1,1,0,"govt employee",0,1,0,0,0,"housewife",0,1,"medium fair,good looks","medium_fair","","good",NA,"flat owner",0,1,0,0,1160
894,FALSE,2,"MC",FALSE,6,"MCG-LI","MC",7000,"LI",61,27,"below_bachelors","madhyamik",2,1,1,0,"absent",1,0,0,0,0,"nm",0,0,"medium looks",NA,"","fair",NA,"",0,0,0,0,1157
895,FALSE,2,"HC",FALSE,6,"MCG-LI","MC",7000,"LI",65,21,"bachelors","b.a",1,2,2,0,"govt employee",0,1,0,0,0,"housewife",0,1,"medium, medium looks","medium_fair","","fair",NA,"flat owner",0,1,0,0,782
896,FALSE,2,"HC",FALSE,6,"MCG-LI","MC",7000,"LI",63,24,"bachelors","b.a",1,1,1,0,"govt employee",0,1,0,0,0,"housewife",0,1,"medium, medium looks","medium_fair","","fair",NA,"",0,0,0,0,736
897,FALSE,2,"HC",FALSE,6,"MCG-LI","MC",7000,"LI",68,25,"masters","m.a",2,1,1,0,"govt employee",0,1,0,0,0,"housewife",0,1,"slim",NA,"",NA,NA,"",0,0,0,0,868
898,FALSE,2,"LC",FALSE,6,"MCG-LI","MC",7000,"LI",65,23,"bachelors","b.com",2,1,1,0,"business",0,0,0,1,0,"housewife",0,1,"very  fair, very good looks","very_fair","","very_good",NA,"flat owner",0,1,0,0,1026
899,FALSE,2,"LC",FALSE,6,"MCG-LI","MC",7000,"LI",67,20,"below_bachelors","h.s",1,2,1,0,"govt employee",0,1,0,0,0,"housewife",0,1,"very  fair, very good looks","very_fair","","very_good",NA,"",0,0,0,0,1052
900,FALSE,2,"HC",FALSE,6,"MCG-LI","MC",7000,"LI",61,26,"bachelors","b.a",0,2,1,0,"Retired",0,0,0,0,1,"housewife",0,1,"very fair","very_fair","",NA,NA,"flat owner",0,1,0,0,691
901,FALSE,2,"MC",TRUE,6,"MCG-LI","MC",7000,"LI",62,23,"bachelors","b.a",1,2,2,0,"business",0,0,0,1,0,"housewife",0,1,"very fair","very_fair","",NA,NA,"",0,0,0,0,1306
902,FALSE,2,"MC",TRUE,6,"MCG-LI","MC",7000,"LI",68,27,"bachelors","b.sc",2,1,1,0,"Retired",0,0,0,0,1,"housewife",0,1,"very fair","very_fair","",NA,NA,"",0,0,0,0,1352
903,FALSE,2,"LC",FALSE,6,"MCG-LI","MC",7000,"LI",68,25,"bachelors","b.sc",0,2,1,0,"Retired",0,0,0,0,1,"housewife",0,1,"very fair, good looks","very_fair","","good",NA,"car owner",0,0,0,1,1072
904,FALSE,2,"LC",FALSE,6,"MCG-LI","MC",7000,"LI",68,24,"masters","m.a",2,2,1,0,"govt employee",0,1,0,0,0,"housewife",0,1,"very fair, good looks","very_fair","","good",NA,"flat,car owner",0,1,0,1,1069
905,FALSE,2,"LC",FALSE,6,"MCG-LI","MC",7000,"LI",69,26,"bachelors","b.com",0,2,2,0,"govt employee",0,1,0,0,0,"housewife",0,1,"very fair, good looks","very_fair","","good",NA,"house owner",1,0,0,0,1084
906,FALSE,2,"LC",TRUE,6,"MCG-LI","MC",7000,"LI",61,22,"masters","m.a",1,1,1,0,"business",0,0,0,1,0,"absent",1,0,"very fair, medium looks","very_fair","","fair",NA,"",0,0,0,0,1088
907,FALSE,2,"HC",FALSE,6,"MCG-LI","MC",7000,"LI",66,24,"bachelors","b.com",1,1,1,0,"absent",1,0,0,0,0,"housewife",0,1,"very fair, medium looks","very_fair","","fair",NA,"",0,0,0,0,814
908,FALSE,2,"LC",FALSE,6,"MCG-LI","MC",7000,"LI",63,25,"bachelors","b.com",1,2,1,0,"govt employee",0,1,0,0,0,"housewife",0,1,"very fair, medium looks","very_fair","","fair",NA,"",0,0,0,0,1009
909,FALSE,2,"LC",FALSE,6,"MCG-LI","MC",7000,"LI",66,26,"masters","m.a",0,2,2,0,"govt employee",0,1,0,0,0,"housewife",0,1,"very fair, medium looks","very_fair","","fair",NA,"",0,0,0,0,1051
910,FALSE,2,"HC",FALSE,6,"MCG-LI","MC",7000,"LI",62,24,"bachelors","b.com",1,1,1,0,"Retired",0,0,0,0,1,"housewife",0,1,"very fair, medium looks","very_fair","","fair",NA,"",0,0,0,0,705
911,FALSE,2,"HC",FALSE,6,"MCG-LI","MC",7000,"LI",64,23,"bachelors","b.com",1,2,1,1,"business",0,0,0,1,0,"housewife",0,1,"very fair, medium looks","very_fair","","fair",NA,"",0,0,0,0,759
912,FALSE,1,"LC",FALSE,7,"LCG-HI","LC",35000,"HI",63,22,"bachelors","b.a",1,1,1,0,"govt employee",0,1,0,0,0,"housewife",0,1,"very fair","very_fair","medium looks","fair",NA,"car owner",0,0,0,1,319
913,FALSE,1,"HC",FALSE,7,"LCG-HI","LC",35000,"HI",61,NA,"bachelors","b.a",0,1,1,0,"Retired",0,0,0,0,1,"housewife",0,1,"fair","fair","medium looks","fair",NA,"flat owner",0,1,0,0,53
914,FALSE,1,"LC",FALSE,7,"LCG-HI","LC",35000,"HI",63,23,"bachelors","b.a",0,1,1,0,"absent",1,0,0,0,0,"housewife",0,1,"medium fair","medium_fair","medium looks","fair",NA,"flat owner",0,1,0,0,323
915,FALSE,1,"MC",FALSE,7,"LCG-HI","LC",35000,"HI",61,23,"bachelors","b.a",1,1,1,0,"Retired",0,0,0,0,1,"housewife",0,1,"very fair","very_fair","medium looks","fair",NA,"flat owner",0,1,0,0,446
916,FALSE,1,"LC",FALSE,7,"LCG-HI","LC",35000,"HI",64,25,"bachelors","b.sc",NA,2,1,0,"govt employee",0,1,0,0,0,"housewife",0,1,"nm",NA,"",NA,NA,"flat, car owner",0,1,0,1,373
917,FALSE,1,"MC",FALSE,7,"LCG-HI","LC",35000,"HI",62,27,"bachelors","b.com",1,2,1,0,"Retired",0,0,0,0,1,"housewife",0,1,"fair","fair","good looks","good",NA,"house owner",1,0,0,0,529
918,FALSE,1,"LC",FALSE,7,"LCG-HI","LC",35000,"HI",62,30,"bachelors","b.a",0,1,1,1,"Retired",0,0,0,0,1,"retired",0,0,"fair.","fair","good looks","good",48000,"house owner",1,0,0,0,313
919,FALSE,1,"LC",FALSE,7,"LCG-HI","LC",35000,"HI",65,26,"below_bachelors","madhyamik",0,1,1,0,"govt employee",0,1,0,0,0,"housewife",0,1,"very fair","very_fair","good looks","good",NA,"house owner",1,0,0,0,387
920,FALSE,1,"HC",FALSE,7,"LCG-HI","LC",35000,"HI",60,26,"masters","m.a",3,2,2,0,"govt employee",0,1,0,0,0,"housewife",0,1,"fair","fair","medium looks","fair",NA,"house owner",1,0,0,0,16
921,FALSE,1,"HC",TRUE,7,"LCG-HI","LC",35000,"HI",62,24,"bachelors","b.a",0,1,1,0,"Retired",0,0,0,0,1,"housewife",0,1,"fair","fair","medium looks","fair",NA,"house owner",1,0,0,0,228
922,FALSE,1,"MC",FALSE,7,"LCG-HI","LC",35000,"HI",63,26,"masters","m.a",1,1,1,0,"Retired",0,0,0,0,1,"housewife",0,1,"fair","fair","medium looks","fair",NA,"house owner",1,0,0,0,577
923,FALSE,1,"LC",FALSE,7,"LCG-HI","LC",35000,"HI",61,20,"bachelors","b.a",0,1,1,0,"absent",1,0,0,0,0,"housewife",0,1,"fair","fair","medium looks","fair",NA,"house owner",1,0,0,0,258
924,FALSE,1,"LC",FALSE,7,"LCG-HI","LC",35000,"HI",63,25,"bachelors","b.a",1,1,1,0,"business",0,0,0,1,0,"housewife",0,1,"medium fair","medium_fair","medium looks","fair",NA,"house owner",1,0,0,0,336
925,FALSE,1,"LC",FALSE,7,"LCG-HI","LC",35000,"HI",59,25,"bachelors","b.com",1,2,2,0,"business",0,0,0,1,0,"housewife",0,1,"medium fair","medium_fair","medium looks","fair",NA,"house owner",1,0,0,0,246
926,FALSE,1,"LC",FALSE,7,"LCG-HI","LC",35000,"HI",63,27,"bachelors","b.a",0,1,1,0,"Retired",0,0,0,0,1,"housewife",0,1,"medium fair","medium_fair","medium looks","fair",NA,"house owner",1,0,0,0,346
927,FALSE,1,"LC",FALSE,7,"LCG-HI","LC",35000,"HI",62,28,"bachelors","b.com",0,1,1,0,"business",0,0,0,1,0,"retired",0,0,"medium fair","medium_fair","medium looks","fair",NA,"house owner",1,0,0,0,310
928,FALSE,1,"HC",TRUE,7,"LCG-HI","LC",35000,"HI",62,21,"below_bachelors","h.s",1,2,2,0,"absent",1,0,0,0,0,"govt employee",0,0,"very fair","very_fair","medium looks","fair",NA,"house owner",1,0,0,0,226
929,FALSE,1,"HC",TRUE,7,"LCG-HI","LC",35000,"HI",61,27,"bachelors","b.a",2,1,1,0,"Retired",0,0,0,0,1,"housewife",0,1,"fair","fair","very good looks","very_good",NA,"house owner",1,0,0,0,222
930,FALSE,1,"MC",FALSE,7,"LCG-HI","LC",35000,"HI",63,27,"bachelors","b.a",2,1,1,0,"Retired",0,0,0,0,1,"housewife",0,1,"fair","fair","very good looks","very_good",NA,"house owner",1,0,0,0,579
931,FALSE,1,"MC",FALSE,7,"LCG-HI","LC",35000,"HI",63,26,"masters","m.a",0,1,1,0,"Retired",0,0,0,0,1,"housewife",0,1,"fair","fair","medium looks","fair",NA,"house owner",1,0,0,0,573
932,FALSE,1,"LC",FALSE,7,"LCG-HI","LC",35000,"HI",63,25,"bachelors","b.a",0,1,1,0,"absent",1,0,0,0,0,"housewife",0,1,"very fair","very_fair","very good looks","very_good",NA,"house owner",1,0,0,0,335
933,FALSE,1,"MC",FALSE,7,"LCG-HI","LC",35000,"HI",63,27,"bachelors","b.sc",0,1,1,0,"Retired",0,0,0,0,1,"housewife",0,1,"fair","fair","",NA,NA,"house owner",1,0,0,0,581
934,FALSE,1,"LC",FALSE,7,"LCG-HI","LC",35000,"HI",66,24,"bachelors","b.sc",0,1,1,0,"Retired",0,0,0,0,1,"housewife",0,1,"medium fair","medium_fair","good looks","good",NA,"house,car owner",1,0,0,1,390
935,FALSE,1,"LC",FALSE,7,"LCG-HI","LC",35000,"HI",63,22,"below_bachelors","h.s",1,2,1,0,"govt employee",0,1,0,0,0,"housewife",0,1,"very fair","very_fair","medium looks","fair",NA,"land owner",0,0,1,0,322
936,FALSE,1,"HC",FALSE,7,"LCG-HI","LC",35000,"HI",61,28,"masters","m.a",1,1,1,0,"Retired",0,0,0,0,1,"housewife",0,1,"fair","fair","fair looks","fair",NA,"",NA,NA,NA,NA,47
937,FALSE,1,"HC",FALSE,7,"LCG-HI","LC",35000,"HI",63,23,"bachelors","b.a",NA,2,2,0,"nm",0,0,0,0,0,"nm",0,0,"",NA,"fair looks","fair",NA,"",NA,NA,NA,NA,122
938,FALSE,1,"HC",FALSE,7,"LCG-HI","LC",35000,"HI",60,22,"bachelors","b.a",NA,3,1,0,"Retired",0,0,0,0,1,"housewife",0,1,"fair","fair","fair looks","fair",NA,"",NA,NA,NA,NA,9
939,FALSE,1,"HC",FALSE,7,"LCG-HI","LC",35000,"HI",62,27,"below_bachelors","h.s",1,1,1,0,"Retired",0,0,0,0,1,"housewife",0,1,"medium fair","medium_fair","fair looks","fair",NA,"",NA,NA,NA,NA,93
940,FALSE,1,"HC",FALSE,7,"LCG-HI","LC",35000,"HI",63,NA,"masters","m.a",1,1,1,0,"Retired",0,0,0,0,1,"housewife",0,1,"medium fair","medium_fair","fair looks","fair",NA,"",NA,NA,NA,NA,166
941,FALSE,1,"HC",FALSE,7,"LCG-HI","LC",35000,"HI",64,23,"masters","m.com",NA,1,1,0,"absent",1,0,0,0,0,"retired",0,0,"medium fair","medium_fair","fair looks","fair",NA,"",NA,NA,NA,NA,172
942,FALSE,1,"HC",TRUE,7,"LCG-HI","LC",35000,"HI",62,25,"bachelors","b.sc",0,2,2,0,"Retired",0,0,0,0,1,"housewife",0,1,"very fair","very_fair","fair looks","fair",NA,"",NA,NA,NA,NA,230
943,FALSE,1,"HC",FALSE,7,"LCG-HI","LC",35000,"HI",62,28,"bachelors","b.a",0,1,1,0,"absent",1,0,0,0,0,"absent",1,0,"fair","fair","good looks","good",NA,"",NA,NA,NA,NA,98
944,FALSE,1,"MC",FALSE,7,"LCG-HI","LC",35000,"HI",62,22,"below_bachelors","h.s",0,1,1,0,"Retired",0,0,0,0,1,"absent",1,0,"fair","fair","good looks","good",NA,"",NA,NA,NA,NA,483
945,FALSE,1,"MC",FALSE,7,"LCG-HI","LC",35000,"HI",63,26,"bachelors","b.a",0,1,1,0,"Retired",0,0,0,0,1,"housewife",0,1,"fair","fair","good looks","good",NA,"",NA,NA,NA,NA,567
946,FALSE,1,"MC",FALSE,7,"LCG-HI","LC",35000,"HI",63,26,"masters","m.a",1,1,1,0,"Retired",0,0,0,0,1,"housewife",0,1,"fair","fair","good looks","good",NA,"",NA,NA,NA,NA,576
947,FALSE,1,"MC",FALSE,7,"LCG-HI","LC",35000,"HI",63,25,"masters","m.sc",2,1,1,0,"nm",0,0,0,0,0,"nm",0,0,"fair","fair","good looks","good",NA,"",NA,NA,NA,NA,566
948,FALSE,1,"LC",FALSE,7,"LCG-HI","LC",35000,"HI",66,28,"masters","mba",0,1,1,1,"professor",0,1,0,0,0,"housewife",0,1,"very fair","very_fair","good looks","good",NA,"",NA,NA,NA,NA,395
949,FALSE,1,"MC",FALSE,7,"LCG-HI","LC",35000,"HI",62,24,"bachelors","b.a",1,2,1,0,"absent",1,0,0,0,0,"housewife",0,1,"very fair","very_fair","good looks","good",NA,"",NA,NA,NA,NA,495
950,FALSE,1,"MC",FALSE,7,"LCG-HI","LC",35000,"HI",61,26,"bachelors","b.a",1,1,1,0,"Retired",0,0,0,0,1,"housewife",0,1,"very fair","very_fair","good looks","good",NA,"",NA,NA,NA,NA,465
951,FALSE,1,"MC",TRUE,7,"LCG-HI","LC",35000,"HI",62,21,"below_bachelors","h.s",1,1,1,0,"pvt employee",0,0,1,0,0,"retired",0,0,"very fair","very_fair","good looks","good",NA,"",NA,NA,NA,NA,635
952,FALSE,1,"LC",FALSE,7,"LCG-HI","LC",35000,"HI",60,25,"masters","m.a",1,1,1,1,"Retired",0,0,0,0,1,"housewife",0,1,"very fair","very_fair","good looks","good",NA,"",NA,NA,NA,NA,253
953,FALSE,1,"LC",FALSE,7,"LCG-HI","LC",35000,"HI",67,24,"bachelors","b.sc",0,3,2,0,"business",0,0,0,1,0,"housewife",0,1,"poor fair","fair","medium loks","fair",NA,"",NA,NA,NA,NA,396
954,FALSE,1,"HC",FALSE,7,"LCG-HI","LC",35000,"HI",63,26,"bachelors","b.a",1,1,1,0,"absent",1,0,0,0,0,"housewife",0,1,"fair","fair","medium looks","fair",NA,"",NA,NA,NA,NA,138
955,FALSE,1,"HC",TRUE,7,"LCG-HI","LC",35000,"HI",61,26,"bachelors","b.a",1,1,1,0,"Retired",0,0,0,0,1,"housewife",0,1,"fair","fair","medium looks","fair",NA,"",NA,NA,NA,NA,220
956,FALSE,1,"MC",FALSE,7,"LCG-HI","LC",35000,"HI",63,22,"bachelors","b.a",1,1,1,0,"Retired",0,0,0,0,1,"housewife",0,1,"fair","fair","medium looks","fair",NA,"",NA,NA,NA,NA,541
957,FALSE,1,"HC",FALSE,7,"LCG-HI","LC",35000,"HI",63,22,"masters","m.a",1,3,2,0,"Retired",0,0,0,0,1,"housewife",0,1,"fair","fair","medium looks","fair",NA,"",NA,NA,NA,NA,120
958,FALSE,1,"LC",FALSE,7,"LCG-HI","LC",35000,"HI",61,26,"bachelors","b.a",0,2,2,0,"Retired",0,0,0,0,1,"absent",1,0,"fair","fair","medium looks","fair",NA,"",NA,NA,NA,NA,273
959,TRUE,1,"LC",FALSE,7,"LCG-HI","LC",35000,"HI",63,22,"bachelors","b.a",1,1,1,0,"Retired",0,0,0,0,1,"govt. employee",0,0,"fair","fair","medium looks","fair",NA,"",NA,NA,NA,NA,317
960,FALSE,1,"LC",FALSE,7,"LCG-HI","LC",35000,"HI",63,26,"bachelors","b.sc",1,1,1,0,"Retired",0,0,0,0,1,"govt. employee",0,0,"fair","fair","medium looks","fair",NA,"",NA,NA,NA,NA,343
961,FALSE,1,"HC",FALSE,7,"LCG-HI","LC",35000,"HI",62,30,"masters","m.a",2,1,1,0,"business",0,0,0,1,0,"housewife",0,1,"fair","fair","medium looks","fair",NA,"",NA,NA,NA,NA,109
962,FALSE,1,"MC",FALSE,7,"LCG-HI","LC",35000,"HI",62,25,"masters","m.a",2,1,1,0,"govt. employee",0,1,0,0,0,"housewife",0,1,"fair","fair","medium looks","fair",NA,"",NA,NA,NA,NA,517
963,FALSE,1,"MC",FALSE,7,"LCG-HI","LC",35000,"HI",62,22,"bachelors","b.a",2,1,1,0,"Retired",0,0,0,0,1,"housewife",0,1,"fair","fair","medium looks","fair",NA,"",NA,NA,NA,NA,482
964,FALSE,1,"HC",FALSE,7,"LCG-HI","LC",35000,"HI",63,29,"masters","m.a",1,1,1,0,"Retired",0,0,0,0,1,"housewife",0,1,"fair","fair","medium looks","fair",NA,"",NA,NA,NA,NA,160
965,FALSE,1,"HC",FALSE,7,"LCG-HI","LC",35000,"HI",63,24,"bachelors","b.com",2,1,1,0,"absent",1,0,0,0,0,"absent",1,0,"medium fair","medium_fair","medium looks","fair",NA,"",NA,NA,NA,NA,125
966,FALSE,1,"MC",TRUE,7,"LCG-HI","LC",35000,"HI",63,24,"bachelors","b.com",1,2,2,0,"absent",1,0,0,0,0,"absent",1,0,"medium fair","medium_fair","medium looks","fair",NA,"",NA,NA,NA,NA,639
967,FALSE,1,"LC",FALSE,7,"LCG-HI","LC",35000,"HI",64,23,"masters","m.com",1,2,1,0,"absent",1,0,0,0,0,"housewife",0,1,"medium fair","medium_fair","medium looks","fair",NA,"",NA,NA,NA,NA,367
968,FALSE,1,"LC",FALSE,7,"LCG-HI","LC",35000,"HI",64,26,"masters","m.a",1,1,1,0,"govt employee",0,1,0,0,0,"housewife",0,1,"medium fair","medium_fair","medium looks","fair",NA,"",NA,NA,NA,NA,380
969,FALSE,1,"LC",FALSE,7,"LCG-HI","LC",35000,"HI",64,26,"bachelors","b.a",1,1,1,0,"pvt employee",0,0,1,0,0,"housewife",0,1,"medium fair","medium_fair","medium looks","fair",NA,"",NA,NA,NA,NA,379
970,FALSE,1,"LC",FALSE,7,"LCG-HI","LC",35000,"HI",63,24,"bachelors","b.a",0,2,2,0,"Retired",0,0,0,0,1,"housewife",0,1,"medium fair","medium_fair","medium looks","fair",NA,"",NA,NA,NA,NA,327
971,FALSE,1,"MC",TRUE,7,"LCG-HI","LC",35000,"HI",64,23,"bachelors","b.com",2,1,1,0,"Retired",0,0,0,0,1,"housewife",0,1,"medium fair","medium_fair","medium looks","fair",NA,"",NA,NA,NA,NA,643
972,FALSE,1,"MC",FALSE,7,"LCG-HI","LC",35000,"HI",63,22,"bachelors","b.com",1,1,1,0,"Retired",0,0,0,0,1,"housewife",0,1,"medium fair","medium_fair","medium looks","fair",NA,"",NA,NA,NA,NA,545
973,FALSE,1,"LC",FALSE,7,"LCG-HI","LC",35000,"HI",64,23,"bachelors","b.sc",1,1,1,0,"Retired",0,0,0,0,1,"housewife",0,1,"medium fair","medium_fair","medium looks","fair",NA,"",NA,NA,NA,NA,362
974,FALSE,1,"HC",FALSE,7,"LCG-HI","LC",35000,"HI",62,31,"below_bachelors","h.s",2,1,1,0,"nm",0,0,0,0,0,"nm",0,0,"medium fair","medium_fair","medium looks","fair",NA,"",NA,NA,NA,NA,110
975,FALSE,1,"LC",FALSE,7,"LCG-HI","LC",35000,"HI",61,28,"bachelors","b.a",1,2,1,0,"Retired",0,0,0,0,1,"retired",0,0,"medium fair","medium_fair","medium looks","fair",NA,"",NA,NA,NA,NA,283
976,FALSE,1,"LC",FALSE,7,"LCG-HI","LC",35000,"HI",64,23,"bachelors","b.a",0,1,1,1,"govt employee",0,1,0,0,0,"housewife",0,1,"medium fair","medium_fair","medium looks","fair",NA,"",NA,NA,NA,NA,359
977,FALSE,1,"LC",FALSE,7,"LCG-HI","LC",35000,"HI",62,29,"bachelors","b.a",1,1,1,1,"Retired",0,0,0,0,1,"housewife",0,1,"medium fair","medium_fair","medium looks","fair",NA,"",NA,NA,NA,NA,311
978,FALSE,1,"LC",FALSE,7,"LCG-HI","LC",35000,"HI",NA,NA,"bachelors","b.sc",1,1,1,0,"nm",0,0,0,0,0,"nm",0,0,"very fair","very_fair","medium looks","fair",NA,"",NA,NA,NA,NA,398
979,FALSE,1,"LC",FALSE,7,"LCG-HI","LC",35000,"HI",61,23,"bachelors","b.com",1,1,1,0,"business",0,0,0,1,0,"housewife",0,1,"very fair","very_fair","medium looks","fair",NA,"",NA,NA,NA,NA,260
980,FALSE,1,"MC",FALSE,7,"LCG-HI","LC",35000,"HI",63,26,"bachelors","b.a",1,1,1,0,"govt employee",0,1,0,0,0,"housewife",0,1,"very fair","very_fair","medium looks","fair",NA,"",NA,NA,NA,NA,569
981,FALSE,1,"MC",FALSE,7,"LCG-HI","LC",35000,"HI",62,24,"bachelors","b.a",0,1,1,0,"Retired",0,0,0,0,1,"housewife",0,1,"very fair","very_fair","medium looks","fair",NA,"",NA,NA,NA,NA,491
982,FALSE,1,"LC",FALSE,7,"LCG-HI","LC",35000,"HI",62,25,"bachelors","b.com",1,1,1,0,"Retired",0,0,0,0,1,"housewife",0,1,"very fair","very_fair","medium looks","fair",NA,"",NA,NA,NA,NA,299
983,FALSE,1,"LC",FALSE,7,"LCG-HI","LC",35000,"HI",61,26,"bachelors","b.a",0,1,1,1,"absent",1,0,0,0,0,"housewife",0,1,"very fair","very_fair","medium looks","fair",NA,"",NA,NA,NA,NA,272
984,FALSE,1,"MC",FALSE,7,"LCG-HI","LC",35000,"HI",62,23,"bachelors","b.a",0,1,1,0,"Retired",0,0,0,0,1,"teacher",0,0,"fair","fair","mediumlooks","fair",NA,"",NA,NA,NA,NA,485
985,FALSE,1,"HC",FALSE,7,"LCG-HI","LC",35000,"HI",62,24,"bachelors","b.a",1,2,1,0,"Retired",0,0,0,0,1,"housewife",0,1,"fair","fair","very good looks","very_good",NA,"",NA,NA,NA,NA,63
986,FALSE,1,"LC",FALSE,7,"LCG-HI","LC",35000,"HI",62,25,"bachelors","b.a",1,1,1,1,"business",0,0,0,1,0,"housewife",0,1,"very fair","very_fair","very good looks","very_good",NA,"",NA,NA,NA,NA,297
987,FALSE,1,"HC",FALSE,7,"LCG-HI","LC",35000,"HI",62,26,"bachelors","b.a",0,2,1,0,"govt. employee",0,1,0,0,0,"housewife",0,1,"",NA,"fair looks","fair",NA,"",NA,NA,NA,NA,83
988,FALSE,1,"HC",FALSE,7,"LCG-HI","LC",35000,"HI",63,26,"masters","m.a",2,2,2,0,"govt. employee",0,1,0,0,0,"housewife",0,1,"",NA,"fair looks","fair",NA,"",NA,NA,NA,NA,146
989,FALSE,1,"HC",FALSE,7,"LCG-HI","LC",35000,"HI",62,27,"below_bachelors","11th",2,2,2,0,"nm",0,0,0,0,0,"nm",0,0,"",NA,"fair looks","fair",NA,"",NA,NA,NA,NA,88
990,FALSE,1,"HC",FALSE,7,"LCG-HI","LC",35000,"HI",68,26,"masters","m.sc",0,2,1,1,"Retired",0,0,0,0,1,"housewife",0,1,"",NA,"fair looks","fair",NA,"",NA,NA,NA,NA,207
991,FALSE,1,"HC",TRUE,7,"LCG-HI","LC",35000,"HI",60,NA,"masters","m.a",2,2,2,1,"Retired",0,0,0,0,1,"teacher",0,0,"fair","fair","good look","good",7000,"",NA,NA,NA,NA,219
992,FALSE,1,"MC",FALSE,7,"LCG-HI","LC",35000,"HI",60,29,"masters","mba",2,1,1,1,"Retired",0,0,0,0,1,"retired",0,0,"Very fair","very_fair","good look","good",2e+05,"",NA,NA,NA,NA,442
993,FALSE,1,"HC",TRUE,7,"LCG-HI","LC",35000,"HI",64,28,"bachelors","b.sc",0,1,1,0,"Retired",0,0,0,0,1,"nm",0,0,"Very fair","very_fair","good look","good",NA,"",NA,NA,NA,NA,243
994,FALSE,1,"MC",FALSE,7,"LCG-HI","LC",35000,"HI",64,28,"bachelors","b.sc",0,2,2,0,"Retired",0,0,0,0,1,"nm",0,0,"Very fair","very_fair","good look","good",NA,"",NA,NA,NA,NA,611
995,FALSE,1,"HC",TRUE,7,"LCG-HI","LC",35000,"HI",62,24,"bachelors","b.a",1,1,1,0,"Retired",0,0,0,0,1,"housewife",0,1,"fair","fair","good looks","good",NA,"",NA,NA,NA,NA,229
996,FALSE,1,"MC",FALSE,7,"LCG-HI","LC",35000,"HI",62,24,"bachelors","b.a",3,2,1,0,"Retired",0,0,0,0,1,"housewife",0,1,"fair","fair","good looks","good",NA,"",NA,NA,NA,NA,496
997,FALSE,1,"MC",FALSE,7,"LCG-HI","LC",35000,"HI",63,27,"bachelors","b.com",0,2,2,0,"Retired",0,0,0,0,1,"housewife",0,1,"fair","fair","good looks","good",NA,"",NA,NA,NA,NA,580
998,FALSE,1,"HC",FALSE,7,"LCG-HI","LC",35000,"HI",63,26,"masters","m.a",1,2,1,0,"govt. employee",0,1,0,0,0,"housewife",0,1,"fair","fair","medium looks","fair",NA,"",NA,NA,NA,NA,145
999,FALSE,1,"MC",TRUE,7,"LCG-HI","LC",35000,"HI",64,28,"masters","m.sc",0,1,1,1,"Retired",0,0,0,0,1,"nm",0,0,"",NA,"medium looks","fair",NA,"",NA,NA,NA,NA,646
1000,FALSE,1,"MC",FALSE,7,"LCG-HI","LC",35000,"HI",60,26,"masters","m.sc",1,1,1,0,"Retired",0,0,0,0,1,"housewife",0,1,"",NA,"medium looks","fair",NA,"",NA,NA,NA,NA,435
1001,FALSE,1,"MC",TRUE,7,"LCG-HI","LC",35000,"HI",62,26,"bachelors","b.a",0,1,1,0,"Retired",0,0,0,0,1,"housewife",0,1,"fair","fair","",NA,NA,"",NA,NA,NA,NA,637
1002,FALSE,1,"MC",FALSE,7,"LCG-HI","LC",35000,"HI",61,27,"below_bachelors","11th",2,1,1,0,"Retired",0,0,0,0,1,"nm",0,0,"fair","fair","",NA,NA,"",NA,NA,NA,NA,468
1003,FALSE,1,"MC",FALSE,7,"LCG-HI","LC",35000,"HI",63,24,"bachelors","b.a",2,1,1,0,"absent",1,0,0,0,0,"absent",1,0,"medium fair","medium_fair","",NA,NA,"",NA,NA,NA,NA,554
1004,FALSE,1,"LC",FALSE,7,"LCG-HI","LC",35000,"HI",63,23,"bachelors","b.com",0,1,1,0,"Retired",0,0,0,0,1,"housewife",0,1,"medium fair","medium_fair","",NA,NA,"",NA,NA,NA,NA,325
1005,FALSE,1,"LC",FALSE,7,"LCG-HI","LC",35000,"HI",64,23,"masters","m.a",0,1,1,0,"Retired",0,0,0,0,1,"housewife",0,1,"medium fair","medium_fair","",NA,NA,"",NA,NA,NA,NA,364
1006,FALSE,1,"LC",FALSE,7,"LCG-HI","LC",35000,"HI",64,25,"masters","m.com",0,1,1,1,"govt employee",0,1,0,0,0,"housewife",0,1,"nm",NA,"",NA,NA,"",NA,NA,NA,NA,376
1007,FALSE,1,"HC",TRUE,7,"LCG-HI","LC",35000,"HI",64,28,"masters","m.sc",1,2,2,1,"Retired",0,0,0,0,1,"nm",0,0,"nm",NA,"",NA,NA,"",NA,NA,NA,NA,244
1008,FALSE,1,"MC",TRUE,7,"LCG-HI","LC",35000,"HI",61,23,"masters","m.sc",0,1,1,0,"absent",1,0,0,0,0,"nm",0,0,"nm",NA,"",NA,NA,"",NA,NA,NA,NA,630
1009,FALSE,1,"MC",TRUE,7,"LCG-HI","LC",35000,"HI",61,26,"bachelors","b.a",0,2,2,0,"Retired",0,0,0,0,1,"nm",0,0,"nm",NA,"",NA,NA,"",NA,NA,NA,NA,632
1010,FALSE,1,"MC",TRUE,7,"LCG-HI","LC",35000,"HI",63,24,"bachelors","b.a",0,1,1,0,"Retired",0,0,0,0,1,"retired",0,0,"nm",NA,"",NA,NA,"",NA,NA,NA,NA,638
1011,FALSE,1,"HC",FALSE,7,"LCG-HI","LC",35000,"HI",63,NA,"bachelors","b.a",0,1,1,0,"Retired",0,0,0,0,1,"teacher",0,0,"nm",NA,"",NA,NA,"",NA,NA,NA,NA,165
1012,FALSE,1,"LC",FALSE,7,"LCG-HI","LC",35000,"HI",66,28,"bachelors","bba",0,2,1,1,"professor",0,1,0,0,0,"housewife",0,1,"very fair","very_fair","",NA,96000,"",NA,NA,NA,NA,392
1013,FALSE,1,"MC",FALSE,7,"LCG-HI","LC",35000,"HI",63,23,"bachelors","b.a",0,3,2,0,"nm",0,0,0,0,0,"absent",1,0,"very fair","very_fair","",NA,NA,"",NA,NA,NA,NA,551
1014,FALSE,1,"LC",FALSE,7,"LCG-HI","LC",35000,"HI",61,27,"bachelors","b.sc",1,1,1,1,"business",0,0,0,1,0,"housewife",0,1,"very fair","very_fair","",NA,72000,"",NA,NA,NA,NA,279
1015,FALSE,1,"LC",FALSE,7,"LCG-HI","LC",35000,"HI",61,22,"bachelors","b.sc",1,1,1,1,"Retired",0,0,0,0,1,"housewife",0,1,"very fair","very_fair","",NA,60000,"",NA,NA,NA,NA,259
1016,FALSE,2,"LC",FALSE,7,"LCG-HI","LC",35000,"HI",64,24,"bachelors","b.com",1,1,1,0,"govt employee",0,1,0,0,0,"housewife",0,1,"fair, medium loks","fair","","fair",NA,"",0,0,0,0,1022
1017,FALSE,2,"LC",FALSE,7,"LCG-HI","LC",35000,"HI",66,22,"bachelors","b.a",0,1,1,0,"govt employee",0,1,0,0,0,"housewife",0,1,"fair, medium looks","fair","","fair",NA,"",0,0,0,0,1038
1018,FALSE,2,"LC",FALSE,7,"LCG-HI","LC",35000,"HI",66,24,"bachelors","b.a",1,2,1,0,"Retired",0,0,0,0,1,"housewife",0,1,"fair, medium looks","fair","","fair",NA,"",0,0,0,0,1044
1019,FALSE,2,"HC",FALSE,7,"LCG-HI","LC",35000,"HI",64,24,"bachelors","b.com",0,1,1,0,"Retired",0,0,0,0,1,"housewife",0,1,"fair, medium looks","fair","","fair",NA,"",0,0,0,0,763
1020,FALSE,2,"MC",TRUE,7,"LCG-HI","LC",35000,"HI",68,24,"bachelors","b.sc",1,2,2,0,"Retired",0,0,0,0,1,"absent",1,0,"fair","fair","",NA,NA,"father physically challenged",0,0,0,0,1345
1021,FALSE,2,"MC",TRUE,7,"LCG-HI","LC",35000,"HI",65,26,"bachelors","b.a",0,2,1,0,"govt. employee",0,1,0,0,0,"business",0,0,"fair","fair","",NA,NA,"house owner",1,0,0,0,1333
1022,FALSE,2,"MC",FALSE,7,"LCG-HI","LC",35000,"HI",65,22,"bachelors","b.sc",0,2,1,0,"Retired",0,0,0,0,1,"housewife",0,1,"fair","fair","",NA,NA,"house owner",1,0,0,0,1222
1023,FALSE,2,"MC",FALSE,7,"LCG-HI","LC",35000,"HI",64,27,"below_bachelors","h.s",0,3,2,0,"nm",0,0,0,0,0,"housewife",0,1,"fair","fair","",NA,NA,"",0,0,0,0,1215
1024,FALSE,2,"MC",FALSE,7,"LCG-HI","LC",35000,"HI",68,26,"masters","m.a",1,1,1,0,"govt employee",0,1,0,0,0,"absent",1,0,"fair, good looks","fair","","good",NA,"house owner",1,0,0,0,1277
1025,FALSE,2,"MC",TRUE,7,"LCG-HI","LC",35000,"HI",68,26,"bachelors","b.com",0,2,1,0,"govt. employee",0,1,0,0,0,"housewife",0,1,"fair, good looks","fair","","good",NA,"house, car owner",1,0,0,1,1349
1026,FALSE,2,"MC",FALSE,7,"LCG-HI","LC",35000,"HI",62,25,"masters","m.sc",1,1,1,1,"business",0,0,0,1,0,"nm",0,0,"fair, good looks","fair","","good",NA,"",0,0,0,0,1173
1027,FALSE,2,"HC",FALSE,7,"LCG-HI","LC",35000,"HI",64,24,"bachelors","b.a",1,1,1,0,"govt employee",0,1,0,0,0,"housewife",0,1,"fair, good looks","fair","","good",NA,"",0,0,0,0,762
1028,FALSE,2,"MC",TRUE,7,"LCG-HI","LC",35000,"HI",64,25,"bachelors","b.com",1,1,1,0,"govt employee",0,1,0,0,0,"housewife",0,1,"fair, good looks","fair","","good",NA,"",0,0,0,0,1320
1029,FALSE,2,"MC",FALSE,7,"LCG-HI","LC",35000,"HI",66,25,"bachelors","b.sc",2,1,1,0,"govt. employee",0,1,0,0,0,"housewife",0,1,"fair, good looks","fair","","good",NA,"",0,0,0,0,1239
1030,FALSE,2,"MC",FALSE,7,"LCG-HI","LC",35000,"HI",67,25,"bachelors","b.com",0,1,1,0,"pvt employee",0,0,1,0,0,"housewife",0,1,"fair, good looks","fair","","good",NA,"",0,0,0,0,1261
1031,FALSE,2,"MC",FALSE,7,"LCG-HI","LC",35000,"HI",65,26,"bachelors","b.com",0,2,2,0,"Retired",0,0,0,0,1,"housewife",0,1,"fair, good looks","fair","","good",NA,"",0,0,0,0,1227
1032,FALSE,2,"LC",FALSE,7,"LCG-HI","LC",35000,"HI",66,24,"below_bachelors","h.s",0,1,1,0,"govt employee",0,1,0,0,0,"housewife",0,1,"fair, medium looks","fair","","fair",NA,"flat owner",0,1,0,0,1047
1033,FALSE,2,"LC",FALSE,7,"LCG-HI","LC",35000,"HI",67,23,"bachelors","b.a",1,1,1,0,"pvt employee",0,0,1,0,0,"housewife",0,1,"fair, medium looks","fair","","fair",NA,"flat owner",0,1,0,0,1055
1034,FALSE,2,"HC",FALSE,7,"LCG-HI","LC",35000,"HI",62,28,"bachelors","b.a",0,2,1,0,"govt employee",0,1,0,0,0,"housewife",0,1,"fair, medium looks","fair","","fair",NA,"house car owner",1,0,0,0,725
1035,FALSE,2,"LC",FALSE,7,"LCG-HI","LC",35000,"HI",69,25,"masters","m.com",0,2,2,1,"business",0,0,0,1,0,"housewife",0,1,"fair, medium looks","fair","","fair",NA,"house owner",1,0,0,0,1082
1036,FALSE,2,"MC",TRUE,7,"LCG-HI","LC",35000,"HI",61,27,"masters","m.phil",1,1,1,0,"Retired",0,0,0,0,1,"housewife",0,1,"fair, medium looks","fair","","fair",NA,"house owner",1,0,0,0,1302
1037,FALSE,2,"HC",TRUE,7,"LCG-HI","LC",35000,"HI",64,22,"bachelors","b.a",1,2,1,0,"Retired",0,0,0,0,1,"absent",1,0,"fair, medium looks","fair","","fair",NA,"land owner",0,0,1,0,935
1038,FALSE,2,"LC",FALSE,7,"LCG-HI","LC",35000,"HI",62,27,"bachelors","b.com",0,1,1,0,"govt employee",0,1,0,0,0,"absent",1,0,"fair, medium looks","fair","","fair",NA,"",0,0,0,0,998
1039,FALSE,2,"LC",FALSE,7,"LCG-HI","LC",35000,"HI",64,21,"bachelors","b.com",1,1,1,0,"business",0,0,0,1,0,"govt employee",0,0,"fair, medium looks","fair","","fair",NA,"",0,0,0,0,1019
1040,FALSE,2,"MC",TRUE,7,"LCG-HI","LC",35000,"HI",68,26,"bachelors","b.a",1,2,1,0,"govt employee",0,1,0,0,0,"govt. employee",0,0,"fair, medium looks","fair","","fair",NA,"",0,0,0,0,1348
1041,FALSE,2,"HC",FALSE,7,"LCG-HI","LC",35000,"HI",61,22,"bachelors","b.a",2,2,1,0,"absent",1,0,0,0,0,"housewife",0,1,"fair, medium looks","fair","","fair",NA,"",0,0,0,0,674
1042,FALSE,2,"HC",FALSE,7,"LCG-HI","LC",35000,"HI",65,26,"bachelors","b.sc",2,1,1,0,"govt employee",0,1,0,0,0,"housewife",0,1,"fair, medium looks","fair","","fair",NA,"",0,0,0,0,794
1043,FALSE,2,"HC",FALSE,7,"LCG-HI","LC",35000,"HI",68,27,"bachelors","b.com",2,2,2,0,"Retired",0,0,0,0,1,"housewife",0,1,"fair, medium looks","fair","","fair",NA,"",0,0,0,0,875
1044,FALSE,2,"HC",FALSE,7,"LCG-HI","LC",35000,"HI",61,27,"masters","m.a",1,1,1,1,"govt employee",0,1,0,0,0,"housewife",0,1,"fair, medium looks","fair","","fair",NA,"",0,0,0,0,694
1045,FALSE,2,"LC",FALSE,7,"LCG-HI","LC",35000,"HI",63,27,"bachelors","b.sc",1,1,1,1,"pvt employee",0,0,1,0,0,"housewife",0,1,"fair, medium looks","fair","","fair",NA,"",0,0,0,0,1016
1046,FALSE,2,"HC",FALSE,7,"LCG-HI","LC",35000,"HI",67,25,"bachelors","b.com",1,1,1,1,"business",0,0,0,1,0,"housewife",0,1,"fair, medium looks","fair","","fair",NA,"",0,0,0,0,843
1047,FALSE,2,"LC",FALSE,7,"LCG-HI","LC",35000,"HI",65,25,"masters","m.sc",0,1,1,0,"pvt employee",0,0,1,0,0,"housewife",0,1,"fair, medium looks looks","fair","","fair",NA,"",0,0,0,0,1034
1048,FALSE,2,"MC",FALSE,7,"LCG-HI","LC",35000,"HI",61,27,"below_bachelors","h.s",0,1,1,0,"Retired",0,0,0,0,1,"housewife",0,1,"fair, medium looks looks","fair","","fair",NA,"",0,0,0,0,1155
1049,FALSE,2,"LC",FALSE,7,"LCG-HI","LC",35000,"HI",63,22,"bachelors","b.com",1,1,1,0,"absent",1,0,0,0,0,"pvt employee",0,0,"fair, medium looks looks","fair","","fair",NA,"",0,0,0,0,1002
1050,FALSE,2,"LC",FALSE,7,"LCG-HI","LC",35000,"HI",57,24,"below_bachelors","h.s",1,2,1,0,"govt employee",0,1,0,0,0,"housewife",0,1,"fair, very good looks","fair","","very_good",NA,"",0,0,0,0,974
1051,FALSE,2,"MC",FALSE,7,"LCG-HI","LC",35000,"HI",62,26,"masters","m.a",0,1,1,1,"business",0,0,0,1,0,"housewife",0,1,"fair,good looks","fair","","good",NA,"2 houses owner",1,0,0,0,1175
1052,FALSE,2,"MC",TRUE,7,"LCG-HI","LC",35000,"HI",60,26,"masters","m.a",0,1,1,0,"govt. employee",0,1,0,0,0,"housewife",0,1,"fair,medium looks","fair","","fair",NA,"house owner",1,0,0,0,1296
1053,FALSE,2,"MC",TRUE,7,"LCG-HI","LC",35000,"HI",69,26,"bachelors","b.sc",1,2,1,0,"absent",1,0,0,0,0,"govt. employee",0,0,"fair,medium looks","fair","","fair",NA,"",0,0,0,0,1360
1054,FALSE,2,"HC",TRUE,7,"LCG-HI","LC",35000,"HI",60,25,"masters","m.a",1,1,1,0,"govt employee",0,1,0,0,0,"govt. employee",0,0,"fair. Medium looks","fair","","fair",NA,"",0,0,0,0,909
1055,FALSE,2,"LC",TRUE,7,"LCG-HI","LC",35000,"HI",69,23,"bachelors","b.a",2,1,1,0,"govt employee",0,1,0,0,0,"housewife",0,1,"fair., good looks","fair","","good",NA,"",0,0,0,0,1121
1056,FALSE,2,"HC",FALSE,7,"LCG-HI","LC",35000,"HI",66,21,"bachelors","b.a",0,1,1,1,"govt employee",0,1,0,0,0,"housewife",0,1,"good looks",NA,"","good",NA,"",0,0,0,0,804
1057,FALSE,2,"MC",FALSE,7,"LCG-HI","LC",35000,"HI",65,24,"bachelors","b.com",2,1,1,0,"absent",1,0,0,0,0,"absent",1,0,"medium fair","medium_fair","",NA,NA,"flat, car owner",0,1,0,1,1226
1058,FALSE,2,"MC",FALSE,7,"LCG-HI","LC",35000,"HI",67,23,"bachelors","b.a",0,1,1,0,"Retired",0,0,0,0,1,"housewife",0,1,"medium fair","medium_fair","",NA,NA,"",0,0,0,0,1255
1059,FALSE,2,"HC",FALSE,7,"LCG-HI","LC",35000,"HI",66,26,"bachelors","b.com",0,2,1,0,"govt. employee",0,1,0,0,0,"housewife",0,1,"medium fair, fair looks","medium_fair","","fair",NA,"",0,0,0,0,824
1060,FALSE,2,"MC",FALSE,7,"LCG-HI","LC",35000,"HI",67,22,"bachelors","b.sc",0,1,1,0,"Retired",0,0,0,0,1,"housewife",0,1,"medium fair, good looks","medium_fair","","good",NA,"flat owner",0,1,0,0,1253
1061,FALSE,2,"MC",FALSE,7,"LCG-HI","LC",35000,"HI",61,25,"masters","m.a",1,1,1,1,"govt employee",0,1,0,0,0,"housewife",0,1,"medium fair, good looks","medium_fair","","good",NA,"flat owner",0,1,0,0,1151
1062,FALSE,2,"LC",FALSE,7,"LCG-HI","LC",35000,"HI",68,25,"bachelors","b.a",2,1,1,0,"business",0,0,0,1,0,"housewife",0,1,"medium fair, good looks","medium_fair","","good",NA,"",0,0,0,0,1070
1063,FALSE,2,"HC",FALSE,7,"LCG-HI","LC",35000,"HI",62,25,"masters","m.a",0,3,1,0,"business",0,0,0,1,0,"housewife",0,1,"medium fair, good looks","medium_fair","","good",NA,"",0,0,0,0,712
1064,FALSE,2,"LC",FALSE,7,"LCG-HI","LC",35000,"HI",64,24,"bachelors","b.com",1,2,1,0,"govt employee",0,1,0,0,0,"housewife",0,1,"medium fair, good looks","medium_fair","","good",NA,"",0,0,0,0,1023
1065,FALSE,2,"HC",TRUE,7,"LCG-HI","LC",35000,"HI",62,22,"bachelors","b.a",0,2,1,0,"Retired",0,0,0,0,1,"housewife",0,1,"medium fair, good looks","medium_fair","","good",NA,"",0,0,0,0,918
1066,FALSE,2,"LC",FALSE,7,"LCG-HI","LC",35000,"HI",63,28,"bachelors","b.ed",0,1,1,1,"business",0,0,0,1,0,"housewife",0,1,"medium fair, medium looks","medium_fair","","fair",NA,"flat owner",0,1,0,0,1017
1067,FALSE,2,"HC",FALSE,7,"LCG-HI","LC",35000,"HI",63,26,"bachelors","b.a",0,1,1,1,"Retired",0,0,0,0,1,"housewife",0,1,"medium fair, medium looks","medium_fair","","fair",NA,"house car owner",1,0,0,0,744
1068,FALSE,2,"MC",FALSE,7,"LCG-HI","LC",35000,"HI",63,27,"bachelors","b.com",1,1,1,0,"Retired",0,0,0,0,1,"absent",1,0,"medium fair, medium looks","medium_fair","","fair",NA,"house owner",1,0,0,0,1192
1069,FALSE,2,"LC",FALSE,7,"LCG-HI","LC",35000,"HI",69,23,"bachelors","b.sc",1,1,1,0,"Retired",0,0,0,0,1,"housewife",0,1,"medium fair, medium looks","medium_fair","","fair",NA,"house owner",1,0,0,0,1079
1070,FALSE,2,"HC",FALSE,7,"LCG-HI","LC",35000,"HI",62,24,"bachelors","bba",1,2,2,0,"Retired",0,0,0,0,1,"housewife",0,1,"medium fair, medium looks","medium_fair","","fair",NA,"house owner",1,0,0,0,708
1071,FALSE,2,"MC",TRUE,7,"LCG-HI","LC",35000,"HI",67,21,"bachelors","b.a",1,1,1,1,"Retired",0,0,0,0,1,"pvt employee",0,0,"medium fair, medium looks","medium_fair","","fair",NA,"house, car owner",1,0,0,1,1339
1072,FALSE,2,"MC",FALSE,7,"LCG-HI","LC",35000,"HI",63,27,"below_bachelors","madhyamik",2,1,1,1,"govt employee",0,1,0,0,0,"govt employee",0,0,"medium fair, medium looks","medium_fair","","fair",110000,"",0,0,0,0,1195
1073,FALSE,2,"MC",TRUE,7,"LCG-HI","LC",35000,"HI",61,29,"bachelors","b.a",0,2,1,1,"Retired",0,0,0,0,1,"housewife",0,1,"medium fair, medium looks","medium_fair","","fair",NA,"",0,0,0,0,1303
1074,FALSE,2,"LC",FALSE,7,"LCG-HI","LC",35000,"HI",61,22,"bachelors","b.a",2,1,1,0,"govt employee",0,1,0,0,0,"absent",1,0,"medium fair, medium looks","medium_fair","","fair",NA,"",0,0,0,0,983
1075,FALSE,2,"HC",TRUE,7,"LCG-HI","LC",35000,"HI",64,25,"bachelors","b.com",0,1,1,0,"Retired",0,0,0,0,1,"absent",1,0,"medium fair, medium looks","medium_fair","","fair",NA,"",0,0,0,0,940
1076,FALSE,2,"LC",FALSE,7,"LCG-HI","LC",35000,"HI",66,23,"bachelors","b.a",1,1,1,0,"govt employee",0,1,0,0,0,"govt employee",0,0,"medium fair, medium looks","medium_fair","","fair",NA,"",0,0,0,0,1040
1077,FALSE,2,"HC",FALSE,7,"LCG-HI","LC",35000,"HI",62,26,"bachelors","b.ed",0,1,1,0,"govt employee",0,1,0,0,0,"govt employee",0,0,"medium fair, medium looks","medium_fair","","fair",NA,"",0,0,0,0,716
1078,FALSE,2,"LC",TRUE,7,"LCG-HI","LC",35000,"HI",61,25,"below_bachelors","h.s",2,1,1,0,"Retired",0,0,0,0,1,"govt employee",0,0,"medium fair, medium looks","medium_fair","","fair",NA,"",0,0,0,0,1091
1079,FALSE,2,"HC",TRUE,7,"LCG-HI","LC",35000,"HI",62,23,"bachelors","b.a",1,1,1,0,"business",0,0,0,1,0,"housewife",0,1,"medium fair, medium looks","medium_fair","","fair",NA,"",0,0,0,0,921
1080,FALSE,2,"LC",FALSE,7,"LCG-HI","LC",35000,"HI",61,24,"bachelors","b.a",1,1,1,0,"business",0,0,0,1,0,"housewife",0,1,"medium fair, medium looks","medium_fair","","fair",NA,"",0,0,0,0,985
1081,FALSE,2,"HC",TRUE,7,"LCG-HI","LC",35000,"HI",69,24,"bachelors","b.sc",1,1,1,0,"business",0,0,0,1,0,"housewife",0,1,"medium fair, medium looks","medium_fair","","fair",NA,"",0,0,0,0,967
1082,FALSE,2,"LC",FALSE,7,"LCG-HI","LC",35000,"HI",64,23,"below_bachelors","madhyamik",0,3,2,0,"business",0,0,0,1,0,"housewife",0,1,"medium fair, medium looks","medium_fair","","fair",NA,"",0,0,0,0,1020
1083,FALSE,2,"HC",TRUE,7,"LCG-HI","LC",35000,"HI",61,21,"bachelors","b.a",0,1,1,0,"govt employee",0,1,0,0,0,"housewife",0,1,"medium fair, medium looks","medium_fair","","fair",NA,"",0,0,0,0,910
1084,FALSE,2,"HC",FALSE,7,"LCG-HI","LC",35000,"HI",66,24,"bachelors","b.a",1,1,1,0,"govt employee",0,1,0,0,0,"housewife",0,1,"medium fair, medium looks","medium_fair","","fair",NA,"",0,0,0,0,811
1085,FALSE,2,"HC",TRUE,7,"LCG-HI","LC",35000,"HI",62,22,"bachelors","b.a",1,1,1,0,"govt employee",0,1,0,0,0,"housewife",0,1,"medium fair, medium looks","medium_fair","","fair",NA,"",0,0,0,0,919
1086,FALSE,2,"LC",FALSE,7,"LCG-HI","LC",35000,"HI",60,25,"bachelors","b.a",1,1,1,0,"govt employee",0,1,0,0,0,"housewife",0,1,"medium fair, medium looks","medium_fair","","fair",NA,"",0,0,0,0,980
1087,FALSE,2,"LC",FALSE,7,"LCG-HI","LC",35000,"HI",63,25,"bachelors","b.sc",2,1,1,0,"govt employee",0,1,0,0,0,"housewife",0,1,"medium fair, medium looks","medium_fair","","fair",NA,"",0,0,0,0,1012
1088,FALSE,2,"LC",FALSE,7,"LCG-HI","LC",35000,"HI",62,24,"below_bachelors","h.s",0,1,1,0,"govt employee",0,1,0,0,0,"housewife",0,1,"medium fair, medium looks","medium_fair","","fair",NA,"",0,0,0,0,995
1089,FALSE,2,"HC",TRUE,7,"LCG-HI","LC",35000,"HI",62,31,"bachelors","b.a",0,2,1,0,"Retired",0,0,0,0,1,"housewife",0,1,"medium fair, medium looks","medium_fair","","fair",NA,"",0,0,0,0,930
1090,FALSE,2,"HC",FALSE,7,"LCG-HI","LC",35000,"HI",62,22,"bachelors","b.a",0,2,1,0,"Retired",0,0,0,0,1,"housewife",0,1,"medium fair, medium looks","medium_fair","","fair",NA,"",0,0,0,0,703
1091,FALSE,2,"MC",TRUE,7,"LCG-HI","LC",35000,"HI",67,22,"bachelors","b.com",1,3,2,0,"Retired",0,0,0,0,1,"housewife",0,1,"medium fair, medium looks","medium_fair","","fair",NA,"",0,0,0,0,1340
1092,FALSE,2,"HC",FALSE,7,"LCG-HI","LC",35000,"HI",64,23,"masters","m.a",1,1,1,0,"Retired",0,0,0,0,1,"housewife",0,1,"medium fair, medium looks","medium_fair","","fair",NA,"",0,0,0,0,761
1093,FALSE,2,"MC",TRUE,7,"LCG-HI","LC",35000,"HI",69,24,"masters","m.sc",0,1,1,0,"Retired",0,0,0,0,1,"housewife",0,1,"medium fair, medium looks","medium_fair","","fair",NA,"",0,0,0,0,1359
1094,FALSE,2,"HC",FALSE,7,"LCG-HI","LC",35000,"HI",64,25,"bachelors","b.a",0,1,1,0,"nm",0,0,0,0,0,"pvt employee",0,0,"medium fair, medium looks","medium_fair","","fair",NA,"",0,0,0,0,770
1095,FALSE,2,"HC",TRUE,7,"LCG-HI","LC",35000,"HI",62,24,"bachelors","b.sc",1,1,1,0,"govt employee",0,1,0,0,0,"retired",0,0,"medium fair, medium looks","medium_fair","","fair",NA,"",0,0,0,0,922
1096,FALSE,2,"LC",TRUE,7,"LCG-HI","LC",35000,"HI",66,27,"bachelors","b.a",1,1,1,0,"pvt employee",0,0,1,0,0,"retired",0,0,"medium fair, medium looks","medium_fair","","fair",NA,"",0,0,0,0,1113
1097,FALSE,2,"HC",FALSE,7,"LCG-HI","LC",35000,"HI",61,23,"bachelors","b.a",2,2,1,0,"Retired",0,0,0,0,1,"retired",0,0,"medium fair, medium looks","medium_fair","","fair",NA,"",0,0,0,0,676
1098,FALSE,2,"LC",TRUE,7,"LCG-HI","LC",35000,"HI",62,28,"masters","m.a",1,1,1,0,"Retired",0,0,0,0,1,"retired",0,0,"medium fair, medium looks","medium_fair","","fair",NA,"",0,0,0,0,1098
1099,FALSE,2,"LC",FALSE,7,"LCG-HI","LC",35000,"HI",61,23,"masters","m.a",0,1,1,1,"Retired",0,0,0,0,1,"housewife",0,1,"medium fair, medium looks","medium_fair","","fair",NA,"",0,0,0,0,984
1100,FALSE,2,"MC",FALSE,7,"LCG-HI","LC",35000,"HI",66,24,"masters","m.a",0,1,1,1,"Retired",0,0,0,0,1,"housewife",0,1,"medium fair, medium looks","medium_fair","","fair",NA,"",0,0,0,0,1237
1101,FALSE,2,"HC",TRUE,7,"LCG-HI","LC",35000,"HI",63,21,"bachelors","b.com",1,1,1,1,"Retired",0,0,0,0,1,"govt. employee",0,0,"medium fair, medium looks","medium_fair","","fair",NA,"",0,0,0,0,931
1102,FALSE,2,"MC",FALSE,7,"LCG-HI","LC",35000,"HI",61,23,"masters","m.a",2,2,1,0,"nm",0,0,0,0,0,"nm",0,0,"medium fair, very good looks","medium_fair","","very_good",NA,"flat owner",0,1,0,0,1143
1103,FALSE,2,"MC",TRUE,7,"LCG-HI","LC",35000,"HI",69,24,"bachelors","b.com",1,1,1,1,"govt employee",0,1,0,0,0,"absent",1,0,"medium fair, very good looks","medium_fair","","very_good",NA,"flat, car owner",0,1,0,1,1356
1104,FALSE,2,"LC",FALSE,7,"LCG-HI","LC",35000,"HI",63,24,"bachelors","b.ed",1,2,1,0,"absent",1,0,0,0,0,"housewife",0,1,"medium fair,good looks","medium_fair","","good",NA,"flat owner",0,1,0,0,1006
1105,FALSE,2,"MC",FALSE,7,"LCG-HI","LC",35000,"HI",66,26,"masters","m.a",0,1,1,1,"Retired",0,0,0,0,1,"housewife",0,1,"medium fair,good looks","medium_fair","","good",NA,"",0,0,0,0,1245
1106,FALSE,2,"LC",TRUE,7,"LCG-HI","LC",35000,"HI",61,26,"masters","m.com",0,2,2,0,"govt employee",0,1,0,0,0,"housewife",0,1,"medium fair,good looks","medium_fair","","good",NA,"",0,0,0,0,1093
1107,FALSE,2,"LC",FALSE,7,"LCG-HI","LC",35000,"HI",69,24,"masters","m.com",1,1,1,1,"absent",1,0,0,0,0,"retired",0,0,"medium fair,good looks","medium_fair","","good",NA,"",0,0,0,0,1081
1108,FALSE,2,"HC",TRUE,7,"LCG-HI","LC",35000,"HI",61,25,"below_bachelors","h.s",2,1,1,0,"business",0,0,0,1,0,"housewife",0,1,"medium faoir, medium looks","medium_fair","","fair",NA,"",0,0,0,0,915
1109,FALSE,2,"LC",FALSE,7,"LCG-HI","LC",35000,"HI",61,25,"bachelors","b.com",0,2,1,1,"absent",1,0,0,0,0,"housewife",0,1,"poor fair, good looks","fair","","good",NA,"",0,0,0,0,986
1110,FALSE,2,"LC",TRUE,7,"LCG-HI","LC",35000,"HI",62,21,"below_bachelors","madhyamik",1,1,1,0,"govt employee",0,1,0,0,0,"housewife",0,1,"poor fair, medium loks","fair","","fair",NA,"house owner",1,0,0,0,1095
1111,FALSE,2,"HC",FALSE,7,"LCG-HI","LC",35000,"HI",66,25,"below_bachelors","h.s",1,1,1,0,"Retired",0,0,0,0,1,"housewife",0,1,"poorly fair, medium looks","fair","","fair",NA,"flat owner",0,1,0,0,820
1112,FALSE,2,"HC",FALSE,7,"LCG-HI","LC",35000,"HI",60,24,"below_bachelors","h.s",2,2,1,0,"govt employee",0,1,0,0,0,"housewife",0,1,"poorly fair, medium looks","fair","","fair",NA,"",0,0,0,0,658
1113,FALSE,2,"LC",FALSE,7,"LCG-HI","LC",35000,"HI",66,24,"bachelors","b.com",1,1,1,0,"business",0,0,0,1,0,"housewife",0,1,"veruy fair, medium looks","very_fair","","fair",NA,"",0,0,0,0,1045
1114,FALSE,2,"LC",FALSE,7,"LCG-HI","LC",35000,"HI",69,32,"bachelors","b.ed",2,1,1,0,"govt employee",0,1,0,0,0,"housewife",0,1,"very  fair, very good looks","very_fair","","very_good",NA,"",0,0,0,0,1087
1115,FALSE,2,"LC",FALSE,7,"LCG-HI","LC",35000,"HI",61,29,"bachelors","bba",2,1,1,0,"pvt employee",0,0,1,0,0,"housewife",0,1,"very  fair, very good looks","very_fair","","very_good",NA,"",0,0,0,0,988
1116,FALSE,2,"MC",FALSE,7,"LCG-HI","LC",35000,"HI",67,28,"masters","mba",0,1,1,1,"govt employee",0,1,0,0,0,"housewife",0,1,"very fair","very_fair","",NA,NA,"own house",1,0,0,0,1267
1117,FALSE,2,"MC",TRUE,7,"LCG-HI","LC",35000,"HI",63,27,"bachelors","b.sc",2,1,1,0,"Retired",0,0,0,0,1,"absent",1,0,"very fair","very_fair","",NA,NA,"",0,0,0,0,1317
1118,FALSE,2,"MC",FALSE,7,"LCG-HI","LC",35000,"HI",61,23,"bachelors","b.a",0,1,1,0,"pvt employee",0,0,1,0,0,"housewife",0,1,"very fair","very_fair","",NA,NA,"",0,0,0,0,1141
1119,FALSE,2,"HC",TRUE,7,"LCG-HI","LC",35000,"HI",66,24,"bachelors","b.a",1,1,1,0,"Retired",0,0,0,0,1,"housewife",0,1,"very fair","very_fair","",NA,NA,"",0,0,0,0,954
1120,FALSE,2,"HC",FALSE,7,"LCG-HI","LC",35000,"HI",60,25,"bachelors","b.ed",1,2,2,0,"Retired",0,0,0,0,1,"housewife",0,1,"very fair","very_fair","",NA,NA,"",0,0,0,0,660
1121,FALSE,2,"MC",FALSE,7,"LCG-HI","LC",35000,"HI",68,23,"bachelors","b.a",1,1,1,0,"govt employee",0,1,0,0,0,"govt employee",0,0,"very fair, good looks","very_fair","","good",NA,"house owner",1,0,0,0,1271
1122,FALSE,2,"LC",TRUE,7,"LCG-HI","LC",35000,"HI",67,26,"masters","m.a",1,2,1,0,"govt employee",0,1,0,0,0,"govt employee",0,0,"very fair, good looks","very_fair","","good",NA,"house owner",1,0,0,0,1117
1123,FALSE,2,"MC",TRUE,7,"LCG-HI","LC",35000,"HI",68,26,"masters","m.sc",2,1,1,0,"Retired",0,0,0,0,1,"housewife",0,1,"very fair, good looks","very_fair","","good",NA,"house owner",1,0,0,0,1350
1124,FALSE,2,"MC",FALSE,7,"LCG-HI","LC",35000,"HI",63,27,"masters","m.a",1,1,1,0,"pvt employee",0,0,1,0,0,"housewife",0,1,"very fair, good looks","very_fair","","good",NA,"",0,0,0,0,1194
1125,FALSE,2,"MC",FALSE,7,"LCG-HI","LC",35000,"HI",63,24,"bachelors","b.sc",0,2,1,0,"Retired",0,0,0,0,1,"housewife",0,1,"very fair, good looks","very_fair","","good",NA,"",0,0,0,0,1187
1126,FALSE,2,"MC",FALSE,7,"LCG-HI","LC",35000,"HI",61,25,"below_bachelors","h.s",1,1,1,0,"absent",1,0,0,0,0,"retired",0,0,"very fair, good looks","very_fair","","good",NA,"",0,0,0,0,1150
1127,FALSE,2,"HC",FALSE,7,"LCG-HI","LC",35000,"HI",67,24,"bachelors","b.a",0,1,1,0,"business",0,0,0,1,0,"retired",0,0,"very fair, good looks","very_fair","","good",NA,"",0,0,0,0,837
1128,FALSE,2,"HC",FALSE,7,"LCG-HI","LC",35000,"HI",66,26,"bachelors","b.sc",1,3,2,1,"Retired",0,0,0,0,1,"housewife",0,1,"very fair, good looks","very_fair","","good",NA,"",0,0,0,0,826
1129,FALSE,2,"MC",FALSE,7,"LCG-HI","LC",35000,"HI",60,23,"bachelors","b.a",0,1,1,0,"absent",1,0,0,0,0,"govt. employee",0,0,"very fair, medium looks","very_fair","","fair",NA,"house owner",1,0,0,0,1130
1130,FALSE,2,"LC",TRUE,7,"LCG-HI","LC",35000,"HI",62,21,"bachelors","b.a",0,1,1,0,"govt employee",0,1,0,0,0,"absent",1,0,"very fair, medium looks","very_fair","","fair",NA,"",0,0,0,0,1094
1131,FALSE,2,"MC",TRUE,7,"LCG-HI","LC",35000,"HI",66,24,"masters","m.sc",0,1,1,0,"govt. employee",0,1,0,0,0,"absent",1,0,"very fair, medium looks","very_fair","","fair",NA,"",0,0,0,0,1337
1132,FALSE,2,"HC",FALSE,7,"LCG-HI","LC",35000,"HI",66,24,"bachelors","b.a",1,2,2,0,"Retired",0,0,0,0,1,"housewife",0,1,"very fair, medium looks","very_fair","","fair",NA,"",0,0,0,0,812
1133,FALSE,2,"HC",FALSE,7,"LCG-HI","LC",35000,"HI",64,24,"bachelors","b.com",2,2,1,0,"business",0,0,0,1,0,"retired",0,0,"very fair, medium looks","very_fair","","fair",NA,"",0,0,0,0,764
1134,FALSE,2,"MC",TRUE,7,"LCG-HI","LC",35000,"HI",62,28,"bachelors","b.sc",1,2,2,1,"Retired",0,0,0,0,1,"govt. employee",0,0,"Very fair, slim,good look","very_fair","","good",NA,"",0,0,0,0,1311
1135,FALSE,2,"MC",FALSE,7,"LCG-HI","LC",35000,"HI",69,26,"bachelors","bba",1,1,1,1,"Retired",0,0,0,0,1,"teacher",0,0,"Very fair, slim,good look","very_fair","","good",2e+05,"",0,0,0,0,1286
1136,FALSE,2,"HC",FALSE,7,"LCG-HI","LC",35000,"HI",68,26,"bachelors","b.com",1,1,1,0,"Retired",0,0,0,0,1,"housewife",0,1,"very fair, very good looks","very_fair","","very_good",NA,"flat owner",0,1,0,0,869
1137,FALSE,2,"LC",TRUE,7,"LCG-HI","LC",35000,"HI",62,25,"masters","m.sc",1,1,1,0,"Retired",0,0,0,0,1,"housewife",0,1,"very fair, very good looks","very_fair","","very_good",NA,"flat, car owner",0,1,0,1,1096
1138,FALSE,2,"HC",FALSE,7,"LCG-HI","LC",35000,"HI",65,27,"bachelors","b.a",0,1,1,0,"govt employee",0,1,0,0,0,"retired",0,0,"very fair, very good looks","very_fair","","very_good",NA,"house owner",1,0,0,0,796
1139,FALSE,2,"LC",FALSE,7,"LCG-HI","LC",35000,"HI",62,24,"bachelors","b.com",3,1,1,0,"business",0,0,0,1,0,"govt employee",0,0,"very fair, very good looks","very_fair","","very_good",NA,"land owner",0,0,1,0,993
1140,FALSE,2,"MC",FALSE,7,"LCG-HI","LC",35000,"HI",66,26,"below_bachelors","madhyamik",0,2,2,0,"nm",0,0,0,0,0,"housewife",0,1,"very fair, very good looks","very_fair","","very_good",NA,"",0,0,0,0,1246
1141,FALSE,2,"MC",TRUE,7,"LCG-HI","LC",35000,"HI",61,24,"bachelors","bba",1,1,1,0,"absent",1,0,0,0,0,"teacher",0,0,"very fair, very good looks","very_fair","","very_good",NA,"",0,0,0,0,1299
1142,FALSE,2,"MC",FALSE,7,"LCG-HI","LC",35000,"HI",63,28,"bachelors","b.sc",0,1,1,0,"business",0,0,0,1,0,"housewife",0,1,"Very fair,good look","very_fair","","good",NA,"house, car owner",1,0,0,1,1196
1143,FALSE,2,"MC",FALSE,7,"LCG-HI","LC",35000,"HI",69,24,"bachelors","b.com",1,1,1,0,"Retired",0,0,0,0,1,"housewife",0,1,"very fair,good looks","very_fair","","good",NA,"flat owner",0,1,0,0,1285
1144,FALSE,2,"MC",FALSE,7,"LCG-HI","LC",35000,"HI",61,27,"masters","m.a",0,1,1,0,"Retired",0,0,0,0,1,"housewife",0,1,"very fair,good looks","very_fair","","good",NA,"",0,0,0,0,1156
1145,FALSE,2,"MC",FALSE,7,"LCG-HI","LC",35000,"HI",68,27,"masters","m.a",1,1,1,0,"Retired",0,0,0,0,1,"housewife",0,1,"very fair,good looks","very_fair","","good",NA,"",0,0,0,0,1281
1146,FALSE,2,"HC",FALSE,7,"LCG-HI","LC",35000,"HI",61,27,"bachelors","b.com",2,1,1,0,"govt employee",0,1,0,0,0,"housewife",0,1,"very fair,very good looks","very_fair","","very_good",NA,"",0,0,0,0,693
1147,FALSE,1,"LC",FALSE,8,"LCG-MI","LC",15000,"MI",61,26,"bachelors","b.a",1,1,1,0,"govt employee",0,1,0,0,0,"housewife",0,1,"medium fair","medium_fair","medium looks","fair",NA,"car, house owner",1,0,0,1,274
1148,FALSE,1,"MC",FALSE,8,"LCG-MI","LC",15000,"MI",63,23,"bachelors","b.a",0,2,2,0,"business",0,0,0,1,0,"housewife",0,1,"very fair","very_fair","",NA,NA,"caste no bar",0,0,0,0,550
1149,FALSE,1,"MC",FALSE,8,"LCG-MI","LC",15000,"MI",61,24,"bachelors","b.sc",1,2,2,0,"Retired",0,0,0,0,1,"housewife",0,1,"fair","fair","",NA,NA,"father physically challenged",0,0,0,0,456
1150,FALSE,1,"LC",FALSE,8,"LCG-MI","LC",15000,"MI",60,23,"masters","m.a",2,1,1,0,"business",0,0,0,1,0,"housewife",0,1,"medium fair","medium_fair","medium looks","fair",NA,"flat owner",0,1,0,0,248
1151,FALSE,1,"MC",FALSE,8,"LCG-MI","LC",15000,"MI",64,27,"below_bachelors","h.s",2,1,1,0,"Retired",0,0,0,0,1,"housewife",0,1,"medium fair","medium_fair","",NA,NA,"flat owner",0,1,0,0,606
1152,FALSE,1,"LC",FALSE,8,"LCG-MI","LC",15000,"MI",63,28,"masters","m.a",2,2,1,0,"govt employee",0,1,0,0,0,"housewife",0,1,"very fair","very_fair","good looks","good",NA,"flat,car owner",0,1,0,1,354
1153,FALSE,1,"HC",FALSE,8,"LCG-MI","LC",15000,"MI",62,27,"below_bachelors","h.s",2,2,1,0,"Retired",0,0,0,0,1,"housewife",0,1,"fair","fair","good looks","good",NA,"house owner",1,0,0,0,94
1154,FALSE,1,"LC",FALSE,8,"LCG-MI","LC",15000,"MI",60,28,"masters","m.a",2,1,1,0,"pvt employee",0,0,1,0,0,"housewife",0,1,"medium fair","medium_fair","good looks","good",NA,"house owner",1,0,0,0,257
1155,FALSE,1,"LC",FALSE,8,"LCG-MI","LC",15000,"MI",NA,23,"bachelors","b.a",0,1,1,0,"govt employee",0,1,0,0,0,"govt employee",0,0,"medium fair","medium_fair","medium looks","fair",NA,"house owner",1,0,0,0,397
1156,FALSE,1,"LC",FALSE,8,"LCG-MI","LC",15000,"MI",64,23,"masters","m.sc",0,1,1,0,"govt employee",0,1,0,0,0,"housewife",0,1,"medium fair","medium_fair","medium looks","fair",NA,"house owner",1,0,0,0,368
1157,FALSE,1,"MC",FALSE,8,"LCG-MI","LC",15000,"MI",63,25,"masters","m.a",1,1,1,0,"Retired",0,0,0,0,1,"housewife",0,1,"medium fair","medium_fair","medium looks","fair",NA,"house owner",1,0,0,0,562
1158,FALSE,1,"HC",FALSE,8,"LCG-MI","LC",15000,"MI",64,27,"masters","m.a",0,3,2,1,"absent",1,0,0,0,0,"housewife",0,1,"medium fair","medium_fair","",NA,NA,"house owner",1,0,0,0,185
1159,FALSE,1,"HC",TRUE,8,"LCG-MI","LC",15000,"MI",63,25,"bachelors","b.a",1,1,1,0,"govt employee",0,1,0,0,0,"housewife",0,1,"nm",NA,"",NA,NA,"house owner",1,0,0,0,236
1160,FALSE,1,"HC",FALSE,8,"LCG-MI","LC",15000,"MI",63,25,"masters","m.sc",1,2,2,0,"nm",0,0,0,0,0,"housewife",0,1,"fair","fair","fair looks","fair",NA,"",NA,NA,NA,NA,137
1161,FALSE,1,"HC",TRUE,8,"LCG-MI","LC",15000,"MI",61,27,"bachelors","b.sc",1,1,1,0,"absent",1,0,0,0,0,"housewife",0,1,"very fair","very_fair","fair looks","fair",NA,"",NA,NA,NA,NA,223
1162,FALSE,1,"LC",FALSE,8,"LCG-MI","LC",15000,"MI",63,27,"masters","m.com",0,1,1,0,"govt employee",0,1,0,0,0,"pvt employee",0,0,"medium fair","medium_fair","good looks","good",NA,"",NA,NA,NA,NA,350
1163,FALSE,1,"HC",TRUE,8,"LCG-MI","LC",15000,"MI",64,27,"masters","m.a",NA,3,3,0,"absent",1,0,0,0,0,"housewife",0,1,"very fair","very_fair","good looks","good",NA,"",NA,NA,NA,NA,242
1164,FALSE,1,"MC",FALSE,8,"LCG-MI","LC",15000,"MI",64,23,"bachelors","b.com",1,1,1,0,"Retired",0,0,0,0,1,"housewife",0,1,"fair","fair","medium looks","fair",NA,"",NA,NA,NA,NA,591
1165,FALSE,1,"HC",FALSE,8,"LCG-MI","LC",15000,"MI",NA,29,"bachelors","b.sc",2,1,1,0,"Retired",0,0,0,0,1,"housewife",0,1,"fair","fair","medium looks","fair",NA,"",NA,NA,NA,NA,214
1166,FALSE,1,"LC",FALSE,8,"LCG-MI","LC",15000,"MI",61,28,"masters","m.a",1,1,1,0,"Retired",0,0,0,0,1,"housewife",0,1,"fair","fair","medium looks","fair",NA,"",NA,NA,NA,NA,284
1167,FALSE,1,"LC",FALSE,8,"LCG-MI","LC",15000,"MI",63,28,"masters","m.a",1,1,1,0,"Retired",0,0,0,0,1,"housewife",0,1,"fair","fair","medium looks","fair",NA,"",NA,NA,NA,NA,352
1168,FALSE,1,"LC",FALSE,8,"LCG-MI","LC",15000,"MI",62,20,"bachelors","b.a",1,1,1,0,"Retired",0,0,0,0,1,"retired",0,0,"fair","fair","medium looks","fair",NA,"",NA,NA,NA,NA,286
1169,FALSE,1,"LC",FALSE,8,"LCG-MI","LC",15000,"MI",60,22,NA,"",1,2,1,0,"Retired",0,0,0,0,1,"retired",0,0,"fair","fair","medium looks","fair",NA,"",NA,NA,NA,NA,247
1170,FALSE,1,"MC",FALSE,8,"LCG-MI","LC",15000,"MI",64,27,"bachelors","b.a",1,2,1,0,"absent",1,0,0,0,0,"housewife",0,1,"fair","fair","medium looks","fair",NA,"",NA,NA,NA,NA,605
1171,FALSE,1,"LC",FALSE,8,"LCG-MI","LC",15000,"MI",61,28,"masters","m.a",3,1,1,0,"business",0,0,0,1,0,"housewife",0,1,"fair","fair","medium looks","fair",NA,"",NA,NA,NA,NA,285
1172,FALSE,1,"MC",FALSE,8,"LCG-MI","LC",15000,"MI",63,26,"bachelors","b.a",2,1,1,0,"Retired",0,0,0,0,1,"housewife",0,1,"fair","fair","medium looks","fair",NA,"",NA,NA,NA,NA,570
1173,FALSE,1,"MC",FALSE,8,"LCG-MI","LC",15000,"MI",63,24,"bachelors","b.a",1,2,1,0,"Retired",0,0,0,0,1,"housewife",0,1,"fair","fair","medium looks","fair",NA,"",NA,NA,NA,NA,553
1174,FALSE,1,"MC",FALSE,8,"LCG-MI","LC",15000,"MI",62,28,"bachelors","b.com",1,1,1,0,"Retired",0,0,0,0,1,"housewife",0,1,"fair","fair","medium looks","fair",NA,"",NA,NA,NA,NA,532
1175,FALSE,1,"HC",FALSE,8,"LCG-MI","LC",15000,"MI",62,28,"bachelors","b.com",0,1,1,0,"Retired",0,0,0,0,1,"nm",0,0,"fair","fair","medium looks","fair",NA,"",NA,NA,NA,NA,99
1176,FALSE,1,"LC",FALSE,8,"LCG-MI","LC",15000,"MI",61,25,"below_bachelors","h.s",0,1,1,0,"Retired",0,0,0,0,1,"absent",1,0,"medium fair","medium_fair","medium looks","fair",NA,"",NA,NA,NA,NA,270
1177,FALSE,1,"LC",FALSE,8,"LCG-MI","LC",15000,"MI",65,28,"bachelors","b.a",1,3,2,0,"absent",1,0,0,0,0,"housewife",0,1,"medium fair","medium_fair","medium looks","fair",NA,"",NA,NA,NA,NA,388
1178,FALSE,1,"LC",FALSE,8,"LCG-MI","LC",15000,"MI",63,28,"masters","m.a",1,1,1,0,"absent",1,0,0,0,0,"housewife",0,1,"medium fair","medium_fair","medium looks","fair",NA,"",NA,NA,NA,NA,353
1179,FALSE,1,"LC",FALSE,8,"LCG-MI","LC",15000,"MI",60,24,"masters","m.a",0,2,1,0,"absent",1,0,0,0,0,"housewife",0,1,"medium fair","medium_fair","medium looks","fair",NA,"",NA,NA,NA,NA,252
1180,FALSE,1,"LC",FALSE,8,"LCG-MI","LC",15000,"MI",60,24,"bachelors","b.a",1,1,1,0,"govt employee",0,1,0,0,0,"housewife",0,1,"medium fair","medium_fair","medium looks","fair",NA,"",NA,NA,NA,NA,250
1181,FALSE,1,"MC",FALSE,8,"LCG-MI","LC",15000,"MI",62,29,"bachelors","b.a",2,1,1,0,"Retired",0,0,0,0,1,"housewife",0,1,"medium fair","medium_fair","medium looks","fair",NA,"",NA,NA,NA,NA,533
1182,FALSE,1,"LC",FALSE,8,"LCG-MI","LC",15000,"MI",62,24,"bachelors","b.a",1,3,2,0,"Retired",0,0,0,0,1,"housewife",0,1,"medium fair","medium_fair","medium looks","fair",NA,"",NA,NA,NA,NA,290
1183,FALSE,1,"HC",FALSE,8,"LCG-MI","LC",15000,"MI",NA,29,"bachelors","b.com",1,1,1,0,"Retired",0,0,0,0,1,"housewife",0,1,"medium fair","medium_fair","medium looks","fair",NA,"",NA,NA,NA,NA,213
1184,FALSE,1,"LC",FALSE,8,"LCG-MI","LC",15000,"MI",63,25,"bachelors","b.sc",0,2,1,0,"Retired",0,0,0,0,1,"housewife",0,1,"medium fair","medium_fair","medium looks","fair",NA,"",NA,NA,NA,NA,339
1185,FALSE,1,"LC",FALSE,8,"LCG-MI","LC",15000,"MI",64,27,"masters","m.a",2,1,1,0,"business",0,0,0,1,0,"absent",1,0,"very fair","very_fair","medium looks","fair",NA,"",NA,NA,NA,NA,385
1186,FALSE,1,"LC",FALSE,8,"LCG-MI","LC",15000,"MI",63,25,"bachelors","b.com",1,2,2,0,"absent",1,0,0,0,0,"housewife",0,1,"very fair","very_fair","medium looks","fair",NA,"",NA,NA,NA,NA,338
1187,FALSE,1,"LC",FALSE,8,"LCG-MI","LC",15000,"MI",61,26,"masters","m.a",0,2,2,0,"govt employee",0,1,0,0,0,"housewife",0,1,"very fair","very_fair","medium looks","fair",NA,"",NA,NA,NA,NA,276
1188,FALSE,1,"MC",FALSE,8,"LCG-MI","LC",15000,"MI",60,29,"bachelors","b.sc",2,2,2,0,"Retired",0,0,0,0,1,"housewife",0,1,"fair","fair","medium look","fair",NA,"",NA,NA,NA,NA,441
1189,FALSE,1,"HC",FALSE,8,"LCG-MI","LC",15000,"MI",63,27,"below_bachelors","madhyamik",1,2,1,1,"Retired",0,0,0,0,1,"housewife",0,1,"fair","fair","fair looks","fair",NA,"",NA,NA,NA,NA,154
1190,FALSE,1,"HC",FALSE,8,"LCG-MI","LC",15000,"MI",NA,27,"bachelors","b.sc",1,1,1,0,"Retired",0,0,0,0,1,"absent",1,0,"",NA,"fair looks","fair",NA,"",NA,NA,NA,NA,211
1191,FALSE,1,"HC",FALSE,8,"LCG-MI","LC",15000,"MI",63,29,"bachelors","b.sc",2,1,1,0,"absent",1,0,0,0,0,"housewife",0,1,"",NA,"fair looks","fair",NA,"",NA,NA,NA,NA,158
1192,FALSE,1,"HC",FALSE,8,"LCG-MI","LC",15000,"MI",62,26,"masters","m.a",2,1,1,0,"Retired",0,0,0,0,1,"housewife",0,1,"",NA,"fair looks","fair",NA,"",NA,NA,NA,NA,87
1193,FALSE,1,"MC",FALSE,8,"LCG-MI","LC",15000,"MI",64,28,"bachelors","b.sc",0,1,1,0,"Retired",0,0,0,0,1,"absent",1,0,"fair","fair","good look","good",NA,"",NA,NA,NA,NA,610
1194,FALSE,1,"MC",FALSE,8,"LCG-MI","LC",15000,"MI",62,26,"bachelors","b.a",0,1,1,0,"Retired",0,0,0,0,1,"housewife",0,1,"fair","fair","good looks","good",NA,"",NA,NA,NA,NA,521
1195,FALSE,1,"MC",FALSE,8,"LCG-MI","LC",15000,"MI",63,26,"bachelors","b.a",1,1,1,0,"absent",1,0,0,0,0,"housewife",0,1,"fair","fair","medium looks","fair",NA,"",NA,NA,NA,NA,568
1196,FALSE,1,"HC",FALSE,8,"LCG-MI","LC",15000,"MI",63,30,"bachelors","b.com",2,2,2,0,"absent",1,0,0,0,0,"absent",1,0,"medium fair","medium_fair","",NA,NA,"",NA,NA,NA,NA,161
1197,FALSE,1,"HC",FALSE,8,"LCG-MI","LC",15000,"MI",64,31,"bachelors","b.com",0,2,2,0,"Retired",0,0,0,0,1,"absent",1,0,"medium fair","medium_fair","",NA,NA,"",NA,NA,NA,NA,198
1198,FALSE,1,"MC",FALSE,8,"LCG-MI","LC",15000,"MI",64,23,"below_bachelors","h.s",0,2,2,0,"Retired",0,0,0,0,1,"housewife",0,1,"medium fair","medium_fair","",NA,NA,"",NA,NA,NA,NA,593
1199,FALSE,1,"MC",FALSE,8,"LCG-MI","LC",15000,"MI",64,28,"bachelors","b.a",0,3,2,0,"Retired",0,0,0,0,1,"housewife",0,1,"nm",NA,"",NA,NA,"",NA,NA,NA,NA,609
1200,FALSE,1,"HC",TRUE,8,"LCG-MI","LC",15000,"MI",61,26,"below_bachelors","h.s",0,3,1,0,"nm",0,0,0,0,0,"nm",0,0,"nm",NA,"",NA,NA,"",NA,NA,NA,NA,221
1201,FALSE,1,"HC",TRUE,8,"LCG-MI","LC",15000,"MI",61,28,"bachelors","b.a",0,2,2,0,"Retired",0,0,0,0,1,"retired",0,0,"nm",NA,"",NA,NA,"",NA,NA,NA,NA,224
1202,FALSE,1,"LC",FALSE,8,"LCG-MI","LC",15000,"MI",61,26,"bachelors","b.a",1,2,2,1,"Retired",0,0,0,0,1,"retired",0,0,"nm",NA,"",NA,NA,"",NA,NA,NA,NA,275
1203,FALSE,1,"MC",FALSE,8,"LCG-MI","LC",15000,"MI",66,28,"bachelors","b.com",0,1,1,0,"govt employee",0,1,0,0,0,"housewife",0,1,"very fair","very_fair","",NA,NA,"",NA,NA,NA,NA,620
1204,FALSE,1,"MC",FALSE,8,"LCG-MI","LC",15000,"MI",61,27,"bachelors","b.sc",2,1,1,0,"Retired",0,0,0,0,1,"housewife",0,1,"very fair","very_fair","",NA,NA,"",NA,NA,NA,NA,471
1205,FALSE,2,"MC",TRUE,8,"LCG-MI","LC",15000,"MI",69,24,"bachelors","b.sc",1,2,1,0,"govt employee",0,1,0,0,0,"housewife",0,1,"fair","fair","",NA,NA,"",0,0,0,0,1357
1206,FALSE,2,"HC",FALSE,8,"LCG-MI","LC",15000,"MI",65,23,"bachelors","b.com",NA,2,1,0,"Retired",0,0,0,0,1,"retired",0,0,"fair","fair","",NA,NA,"",0,0,0,0,785
1207,FALSE,2,"LC",FALSE,8,"LCG-MI","LC",15000,"MI",67,23,"below_bachelors","h.s",0,1,1,0,"govt employee",0,1,0,0,0,"housewife",0,1,"fair, medium looks","fair","","fair",NA,"flat owner",0,1,0,0,1057
1208,FALSE,2,"LC",TRUE,8,"LCG-MI","LC",15000,"MI",69,24,"bachelors","b.a",1,1,1,0,"absent",1,0,0,0,0,"housewife",0,1,"fair, medium looks","fair","","fair",NA,"house owner",1,0,0,0,1123
1209,FALSE,2,"LC",FALSE,8,"LCG-MI","LC",15000,"MI",64,25,"below_bachelors","h.s",0,1,1,0,"govt employee",0,1,0,0,0,"absent",1,0,"fair, medium looks","fair","","fair",NA,"",0,0,0,0,1024
1210,FALSE,2,"HC",FALSE,8,"LCG-MI","LC",15000,"MI",62,24,"bachelors","b.com",2,1,1,0,"govt employee",0,1,0,0,0,"housewife",0,1,"fair, medium looks","fair","","fair",NA,"",0,0,0,0,706
1211,FALSE,2,"HC",TRUE,8,"LCG-MI","LC",15000,"MI",68,28,"bachelors","b.a",2,1,1,0,"Retired",0,0,0,0,1,"housewife",0,1,"fair, medium looks","fair","","fair",NA,"",0,0,0,0,964
1212,FALSE,2,"LC",FALSE,8,"LCG-MI","LC",15000,"MI",69,23,"bachelors","b.a",1,1,1,0,"Retired",0,0,0,0,1,"housewife",0,1,"fair, medium looks","fair","","fair",NA,"",0,0,0,0,1078
1213,FALSE,2,"MC",FALSE,8,"LCG-MI","LC",15000,"MI",68,22,"bachelors","b.a",1,1,1,0,"Retired",0,0,0,0,1,"housewife",0,1,"fair, medium looks","fair","","fair",NA,"",0,0,0,0,1270
1214,FALSE,2,"HC",FALSE,8,"LCG-MI","LC",15000,"MI",67,26,"bachelors","b.ed",1,1,1,0,"Retired",0,0,0,0,1,"housewife",0,1,"fair, medium looks","fair","","fair",NA,"",0,0,0,0,846
1215,FALSE,2,"HC",TRUE,8,"LCG-MI","LC",15000,"MI",67,25,"bachelors","b.ed",2,2,2,0,"Retired",0,0,0,0,1,"housewife",0,1,"fair, medium looks","fair","","fair",NA,"",0,0,0,0,959
1216,FALSE,2,"HC",TRUE,8,"LCG-MI","LC",15000,"MI",61,25,"bachelors","b.com",1,1,1,0,"business",0,0,0,1,0,"retired",0,0,"fair, medium looks","fair","","fair",NA,"",0,0,0,0,914
1217,FALSE,2,"LC",FALSE,8,"LCG-MI","LC",15000,"MI",63,25,"bachelors","b.ed",2,1,1,1,"Retired",0,0,0,0,1,"absent",1,0,"fair, medium looks","fair","","fair",NA,"",0,0,0,0,1011
1218,FALSE,2,"LC",TRUE,8,"LCG-MI","LC",15000,"MI",64,27,"masters","m.a",0,2,2,0,"govt employee",0,1,0,0,0,"pvt employee",0,0,"fair, medium looks looks","fair","","fair",NA,"house owner",1,0,0,0,1105
1219,FALSE,2,"LC",FALSE,8,"LCG-MI","LC",15000,"MI",69,29,"bachelors","b.a",1,1,1,0,"Retired",0,0,0,0,1,"housewife",0,1,"fair, very good looks","fair","","very_good",NA,"flat owner",0,1,0,0,1086
1220,FALSE,2,"LC",FALSE,8,"LCG-MI","LC",15000,"MI",66,21,"bachelors","b.com",0,1,1,0,"govt employee",0,1,0,0,0,"housewife",0,1,"fair, very good looks","fair","","very_good",NA,"flat, car owner",0,1,0,1,1037
1221,FALSE,2,"LC",FALSE,8,"LCG-MI","LC",15000,"MI",62,25,"below_bachelors","h.s",1,2,2,0,"pvt employee",0,0,1,0,0,"housewife",0,1,"fair, very good looks","fair","","very_good",NA,"",0,0,0,0,996
1222,FALSE,2,"LC",TRUE,8,"LCG-MI","LC",15000,"MI",69,24,"bachelors","b.a",1,1,1,0,"Retired",0,0,0,0,1,"pvt employee",0,0,"fair, very good looks","fair","","very_good",NA,"",0,0,0,0,1122
1223,FALSE,2,"MC",TRUE,8,"LCG-MI","LC",15000,"MI",61,26,"masters","m.a",0,1,1,0,"govt employee",0,1,0,0,0,"housewife",0,1,"fair,good looks","fair","","good",NA,"",0,0,0,0,1301
1224,FALSE,2,"MC",FALSE,8,"LCG-MI","LC",15000,"MI",64,27,"masters","m.a",0,1,1,1,"Retired",0,0,0,0,1,"housewife",0,1,"fair,good looks","fair","","good",NA,"",0,0,0,0,1217
1225,FALSE,2,"MC",FALSE,8,"LCG-MI","LC",15000,"MI",64,27,"masters","m.a",2,2,2,0,"Retired",0,0,0,0,1,"retired",0,0,"fair,medium good looks","fair","","fair",NA,"",0,0,0,0,1218
1226,FALSE,2,"LC",TRUE,8,"LCG-MI","LC",15000,"MI",67,21,"bachelors","b.sc",2,2,2,0,"govt employee",0,1,0,0,0,"absent",1,0,"fair., good looks","fair","","good",NA,"",0,0,0,0,1115
1227,FALSE,2,"MC",FALSE,8,"LCG-MI","LC",15000,"MI",66,23,"below_bachelors","madhyamik",1,1,1,0,"pvt employee",0,0,1,0,0,"retired",0,0,"medium fair","medium_fair","",NA,NA,"flat owner",0,1,0,0,1235
1228,FALSE,2,"MC",TRUE,8,"LCG-MI","LC",15000,"MI",64,27,"masters","m.a",0,1,1,1,"Retired",0,0,0,0,1,"housewife",0,1,"medium fair","medium_fair","",NA,NA,"flat owner",0,1,0,0,1325
1229,FALSE,2,"MC",FALSE,8,"LCG-MI","LC",15000,"MI",64,22,"bachelors","b.a",2,2,1,0,"govt employee",0,1,0,0,0,"housewife",0,1,"medium fair","medium_fair","",NA,NA,"",0,0,0,0,1202
1230,FALSE,2,"MC",FALSE,8,"LCG-MI","LC",15000,"MI",65,27,"bachelors","b.sc",2,2,1,0,"Retired",0,0,0,0,1,"retired",0,0,"medium fair, fair looks","medium_fair","","fair",NA,"flat owner",0,1,0,0,1229
1231,FALSE,2,"LC",FALSE,8,"LCG-MI","LC",15000,"MI",60,23,"bachelors","b.sc",3,1,1,0,"Retired",0,0,0,0,1,"housewife",0,1,"medium fair, good looks","medium_fair","","good",NA,"flat owner",0,1,0,0,976
1232,FALSE,2,"HC",FALSE,8,"LCG-MI","LC",15000,"MI",62,26,"bachelors","b.com",1,3,2,0,"absent",1,0,0,0,0,"housewife",0,1,"medium fair, good looks","medium_fair","","good",NA,"",0,0,0,0,715
1233,FALSE,2,"MC",FALSE,8,"LCG-MI","LC",15000,"MI",69,27,"below_bachelors","h.s",1,3,1,1,"Retired",0,0,0,0,1,"housewife",0,1,"medium fair, good looks","medium_fair","","good",NA,"",0,0,0,0,1288
1234,FALSE,2,"MC",FALSE,8,"LCG-MI","LC",15000,"MI",67,24,"bachelors","b.sc",1,1,1,0,"business",0,0,0,1,0,"housewife",0,1,"medium fair, medium good looks","medium_fair","","fair",NA,"",0,0,0,0,1259
1235,FALSE,2,"LC",FALSE,8,"LCG-MI","LC",15000,"MI",66,23,"bachelors","b.com",2,1,1,0,"govt employee",0,1,0,0,0,"housewife",0,1,"medium fair, medium looks","medium_fair","","fair",NA,"car, flat owner",0,1,0,1,1042
1236,FALSE,2,"LC",FALSE,8,"LCG-MI","LC",15000,"MI",62,22,"below_bachelors","madhyamik",1,1,1,0,"pvt employee",0,0,1,0,0,"housewife",0,1,"medium fair, medium looks","medium_fair","","fair",NA,"flat owner",0,1,0,0,991
1237,FALSE,2,"HC",FALSE,8,"LCG-MI","LC",15000,"MI",61,25,"bachelors","b.sc",0,1,1,0,"govt employee",0,1,0,0,0,"housewife",0,1,"medium fair, medium looks","medium_fair","","fair",NA,"house owner",1,0,0,0,689
1238,FALSE,2,"MC",TRUE,8,"LCG-MI","LC",15000,"MI",67,29,"bachelors","b.a",0,1,1,0,"Retired",0,0,0,0,1,"housewife",0,1,"medium fair, medium looks","medium_fair","","fair",NA,"house owner",1,0,0,0,1343
1239,FALSE,2,"MC",TRUE,8,"LCG-MI","LC",15000,"MI",62,25,"masters","m.phil",1,2,1,0,"Retired",0,0,0,0,1,"housewife",0,1,"medium fair, medium looks","medium_fair","","fair",NA,"house owner",1,0,0,0,1309
1240,FALSE,2,"LC",FALSE,8,"LCG-MI","LC",15000,"MI",66,24,"masters","m.a",1,2,2,0,"Retired",0,0,0,0,1,"housewife",0,1,"medium fair, medium looks","medium_fair","","fair",NA,"land owner",0,0,1,0,1048
1241,FALSE,2,"HC",FALSE,8,"LCG-MI","LC",15000,"MI",61,26,"bachelors","b.com",0,2,1,0,"business",0,0,0,1,0,"retired",0,0,"medium fair, medium looks","medium_fair","","fair",NA,"land owner",0,0,1,0,692
1242,FALSE,2,"LC",FALSE,8,"LCG-MI","LC",15000,"MI",68,26,"masters","m.com",1,1,1,1,"Retired",0,0,0,0,1,"housewife",0,1,"medium fair, medium looks","medium_fair","","fair",NA,"",0,0,0,0,1074
1243,FALSE,2,"MC",FALSE,8,"LCG-MI","LC",15000,"MI",64,24,"bachelors","b.com",2,1,1,0,"absent",1,0,0,0,0,"absent",1,0,"medium fair, medium looks","medium_fair","","fair",NA,"",0,0,0,0,1207
1244,FALSE,2,"LC",FALSE,8,"LCG-MI","LC",15000,"MI",66,25,"below_bachelors","h.s",0,3,2,0,"absent",1,0,0,0,0,"housewife",0,1,"medium fair, medium looks","medium_fair","","fair",NA,"",0,0,0,0,1050
1245,FALSE,2,"LC",FALSE,8,"LCG-MI","LC",15000,"MI",66,23,"bachelors","b.a",1,2,2,0,"business",0,0,0,1,0,"housewife",0,1,"medium fair, medium looks","medium_fair","","fair",NA,"",0,0,0,0,1041
1246,FALSE,2,"MC",FALSE,8,"LCG-MI","LC",15000,"MI",63,24,"bachelors","b.a",1,2,1,0,"business",0,0,0,1,0,"housewife",0,1,"medium fair, medium looks","medium_fair","","fair",NA,"",0,0,0,0,1186
1247,FALSE,2,"HC",FALSE,8,"LCG-MI","LC",15000,"MI",67,26,"bachelors","b.a",1,2,1,0,"govt employee",0,1,0,0,0,"housewife",0,1,"medium fair, medium looks","medium_fair","","fair",NA,"",0,0,0,0,845
1248,FALSE,2,"LC",FALSE,8,"LCG-MI","LC",15000,"MI",67,21,"bachelors","b.a",1,1,1,0,"pvt employee",0,0,1,0,0,"housewife",0,1,"medium fair, medium looks","medium_fair","","fair",NA,"",0,0,0,0,1053
1249,FALSE,2,"LC",TRUE,8,"LCG-MI","LC",15000,"MI",61,25,"bachelors","b.com",1,1,1,0,"pvt employee",0,0,1,0,0,"housewife",0,1,"medium fair, medium looks","medium_fair","","fair",NA,"",0,0,0,0,1089
1250,FALSE,2,"MC",TRUE,8,"LCG-MI","LC",15000,"MI",69,23,"bachelors","b.com",1,1,1,0,"pvt employee",0,0,1,0,0,"housewife",0,1,"medium fair, medium looks","medium_fair","","fair",NA,"",0,0,0,0,1355
1251,FALSE,2,"HC",TRUE,8,"LCG-MI","LC",15000,"MI",65,24,"bachelors","b.a",NA,2,1,0,"Retired",0,0,0,0,1,"housewife",0,1,"medium fair, medium looks","medium_fair","","fair",NA,"",0,0,0,0,947
1252,FALSE,2,"HC",FALSE,8,"LCG-MI","LC",15000,"MI",69,27,"bachelors","b.a",1,1,1,0,"Retired",0,0,0,0,1,"housewife",0,1,"medium fair, medium looks","medium_fair","","fair",NA,"",0,0,0,0,895
1253,FALSE,2,"HC",FALSE,8,"LCG-MI","LC",15000,"MI",65,24,"bachelors","b.a",1,1,1,0,"Retired",0,0,0,0,1,"housewife",0,1,"medium fair, medium looks","medium_fair","","fair",NA,"",0,0,0,0,787
1254,FALSE,2,"HC",FALSE,8,"LCG-MI","LC",15000,"MI",67,25,"below_bachelors","h.s",NA,1,1,0,"Retired",0,0,0,0,1,"housewife",0,1,"medium fair, medium looks","medium_fair","","fair",NA,"",0,0,0,0,844
1255,FALSE,2,"MC",TRUE,8,"LCG-MI","LC",15000,"MI",68,24,"masters","m.com",1,1,1,0,"Retired",0,0,0,0,1,"housewife",0,1,"medium fair, medium looks","medium_fair","","fair",NA,"",0,0,0,0,1346
1256,FALSE,2,"MC",TRUE,8,"LCG-MI","LC",15000,"MI",62,26,"masters","m.a",0,2,2,0,"nm",0,0,0,0,0,"nm",0,0,"medium fair, medium looks","medium_fair","","fair",NA,"",0,0,0,0,1310
1257,FALSE,2,"MC",TRUE,8,"LCG-MI","LC",15000,"MI",64,28,"masters","m.sc",0,1,1,0,"Retired",0,0,0,0,1,"nm",0,0,"medium fair, medium looks","medium_fair","","fair",NA,"",0,0,0,0,1326
1258,FALSE,2,"LC",TRUE,8,"LCG-MI","LC",15000,"MI",72,23,"below_bachelors","madhyamik",0,2,1,0,"pvt employee",0,0,1,0,0,"retired",0,0,"medium fair, medium looks","medium_fair","","fair",NA,"",0,0,0,0,1125
1259,FALSE,2,"LC",FALSE,8,"LCG-MI","LC",15000,"MI",67,21,"below_bachelors","madhyamik",3,1,1,0,"business",0,0,0,1,0,"housewife",0,1,"medium fair,good looks","medium_fair","","good",NA,"",0,0,0,0,1054
1260,FALSE,2,"HC",TRUE,8,"LCG-MI","LC",15000,"MI",68,26,"bachelors","b.a",0,1,1,0,"govt employee",0,1,0,0,0,"housewife",0,1,"medium looks",NA,"","fair",NA,"house  owner",1,0,0,0,962
1261,FALSE,2,"MC",TRUE,8,"LCG-MI","LC",15000,"MI",60,24,"masters","m.a",0,1,1,0,"govt employee",0,1,0,0,0,"nm",0,0,"nm",NA,"",NA,NA,"brother in usa",0,0,0,0,1294
1262,FALSE,2,"HC",TRUE,8,"LCG-MI","LC",15000,"MI",63,23,"below_bachelors","h.s",0,1,1,0,"business",0,0,0,1,0,"housewife",0,1,"nm",NA,"",NA,NA,"flat owner",0,1,0,0,932
1263,FALSE,2,"HC",FALSE,8,"LCG-MI","LC",15000,"MI",62,25,"bachelors","b.a",2,2,2,0,"govt employee",0,1,0,0,0,"teacher",0,0,"poor fair","fair","",NA,NA,"house owner",1,0,0,0,711
1264,FALSE,2,"LC",FALSE,8,"LCG-MI","LC",15000,"MI",61,29,"below_bachelors","h.s",0,1,1,0,"govt employee",0,1,0,0,0,"housewife",0,1,"veruy fair, medium looks","very_fair","","fair",NA,"",0,0,0,0,989
1265,FALSE,2,"LC",FALSE,8,"LCG-MI","LC",15000,"MI",63,27,"bachelors","b.a",2,1,1,1,"govt employee",0,1,0,0,0,"absent",1,0,"veruy fair, medium looks","very_fair","","fair",NA,"",0,0,0,0,1015
1266,FALSE,2,"MC",FALSE,8,"LCG-MI","LC",15000,"MI",67,28,"bachelors","bba",0,2,1,0,"govt employee",0,1,0,0,0,"housewife",0,1,"very fair","very_fair","",NA,NA,"",0,0,0,0,1265
1267,FALSE,2,"MC",FALSE,8,"LCG-MI","LC",15000,"MI",62,27,"below_bachelors","h.s",1,2,1,0,"Retired",0,0,0,0,1,"housewife",0,1,"very fair","very_fair","",NA,NA,"",0,0,0,0,1176
1268,FALSE,2,"LC",TRUE,8,"LCG-MI","LC",15000,"MI",61,26,"bachelors","b.a",0,1,1,0,"business",0,0,0,1,0,"housewife",0,1,"very fair, good looks","very_fair","","good",NA,"",0,0,0,0,1092
1269,FALSE,2,"LC",FALSE,8,"LCG-MI","LC",15000,"MI",68,26,"bachelors","b.a",2,1,1,0,"business",0,0,0,1,0,"govt. employee",0,0,"very fair, medium looks","very_fair","","fair",NA,"",0,0,0,0,1073
1270,FALSE,2,"LC",FALSE,8,"LCG-MI","LC",15000,"MI",67,28,"masters","m.a",1,2,1,0,"business",0,0,0,1,0,"housewife",0,1,"very fair, medium looks","very_fair","","fair",NA,"",0,0,0,0,1063
1271,FALSE,2,"MC",FALSE,8,"LCG-MI","LC",15000,"MI",62,25,"bachelors","b.sc",1,1,1,0,"govt employee",0,1,0,0,0,"housewife",0,1,"very fair, medium looks","very_fair","","fair",NA,"",0,0,0,0,1170
1272,FALSE,2,"HC",FALSE,8,"LCG-MI","LC",15000,"MI",60,24,"bachelors","b.a",1,1,1,0,"Retired",0,0,0,0,1,"housewife",0,1,"very fair, medium looks","very_fair","","fair",NA,"",0,0,0,0,655
1273,FALSE,2,"LC",FALSE,8,"LCG-MI","LC",15000,"MI",69,21,"bachelors","b.com",2,1,1,0,"Retired",0,0,0,0,1,"housewife",0,1,"very fair, medium looks","very_fair","","fair",NA,"",0,0,0,0,1076
1274,FALSE,2,"HC",FALSE,8,"LCG-MI","LC",15000,"MI",67,24,NA,"nm",0,1,1,0,"Retired",0,0,0,0,1,"retired",0,0,"very fair, medium looks","very_fair","","fair",NA,"",0,0,0,0,840
1275,FALSE,2,"LC",FALSE,8,"LCG-MI","LC",15000,"MI",60,24,"bachelors","bba",1,1,1,1,"Retired",0,0,0,0,1,"housewife",0,1,"very fair, medium looks","very_fair","","fair",NA,"",0,0,0,0,979
1276,FALSE,1,"LC",FALSE,9,"LCG-LI","LC",7000,"LI",61,24,"below_bachelors","h.s",0,1,1,0,"govt employee",0,1,0,0,0,"housewife",0,1,"fair","fair","medium looks","fair",NA,"flat owner",0,1,0,0,268
1277,FALSE,1,"LC",FALSE,9,"LCG-LI","LC",7000,"LI",62,25,"bachelors","b.a",1,1,1,0,"Retired",0,0,0,0,1,"housewife",0,1,"very fair","very_fair","very good looks","very_good",NA,"flat, car owner",0,1,0,1,296
1278,FALSE,1,"LC",FALSE,9,"LCG-LI","LC",7000,"LI",61,24,"bachelors","b.a",2,1,1,0,"absent",1,0,0,0,0,"housewife",0,1,"fair","fair","medium looks","fair",NA,"flat, land owner",0,1,1,0,261
1279,FALSE,1,"LC",FALSE,9,"LCG-LI","LC",7000,"LI",62,26,"bachelors","b.com",0,2,2,0,"absent",1,0,0,0,0,"housewife",0,1,"very fair","very_fair","good looks","good",NA,"house owner",1,0,0,0,302
1280,FALSE,1,"LC",FALSE,9,"LCG-LI","LC",7000,"LI",63,26,"masters","m.a",1,2,1,0,"govt employee",0,1,0,0,0,"housewife",0,1,"very fair","very_fair","good looks","good",NA,"house owner",1,0,0,0,345
1281,FALSE,1,"LC",FALSE,9,"LCG-LI","LC",7000,"LI",64,21,"below_bachelors","madhyamik",1,1,1,0,"govt employee",0,1,0,0,0,"housewife",0,1,"poor fair","fair","medium loks","fair",NA,"house owner",1,0,0,0,355
1282,FALSE,1,"LC",FALSE,9,"LCG-LI","LC",7000,"LI",64,25,"masters","m.com",0,2,2,0,"business",0,0,0,1,0,"housewife",0,1,"fair","fair","medium looks","fair",NA,"house owner",1,0,0,0,377
1283,FALSE,1,"LC",FALSE,9,"LCG-LI","LC",7000,"LI",63,23,"bachelors","b.sc",1,1,1,0,"Retired",0,0,0,0,1,"housewife",0,1,"medium fair","medium_fair","medium looks","fair",NA,"house owner",1,0,0,0,326
1284,FALSE,1,"MC",FALSE,9,"LCG-LI","LC",7000,"LI",62,23,"bachelors","b.a",0,1,1,0,"absent",1,0,0,0,0,"teacher",0,0,"very fair","very_fair","medium looks","fair",NA,"house owner",1,0,0,0,486
1285,FALSE,1,"MC",FALSE,9,"LCG-LI","LC",7000,"LI",62,26,"bachelors","b.a",0,1,1,0,"Retired",0,0,0,0,1,"housewife",0,1,"fair","fair","",NA,NA,"house owner",1,0,0,0,520
1286,FALSE,1,"LC",FALSE,9,"LCG-LI","LC",7000,"LI",62,24,"bachelors","b.com",0,1,1,0,"business",0,0,0,1,0,"govt employee",0,0,"very fair","very_fair","very good looks","very_good",NA,"land owner",0,0,1,0,291
1287,FALSE,1,"HC",FALSE,9,"LCG-LI","LC",7000,"LI",63,32,"bachelors","b.a",1,1,1,0,"Retired",0,0,0,0,1,"absent",1,0,"fair","fair","fair looks","fair",NA,"",NA,NA,NA,NA,163
1288,FALSE,1,"HC",FALSE,9,"LCG-LI","LC",7000,"LI",63,31,"bachelors","b.a",2,2,1,0,"Retired",0,0,0,0,1,"housewife",0,1,"fair","fair","fair looks","fair",NA,"",NA,NA,NA,NA,162
1289,FALSE,1,"HC",FALSE,9,"LCG-LI","LC",7000,"LI",66,28,"below_bachelors","h.s",NA,1,1,0,"business",0,0,0,1,0,"housewife",0,1,"very fair","very_fair","fair looks","fair",NA,"",NA,NA,NA,NA,202
1290,FALSE,1,"MC",FALSE,9,"LCG-LI","LC",7000,"LI",63,25,"bachelors","b.com",1,1,1,0,"govt employee",0,1,0,0,0,"housewife",0,1,"fair","fair","good looks","good",NA,"",NA,NA,NA,NA,559
1291,FALSE,1,"MC",FALSE,9,"LCG-LI","LC",7000,"LI",63,26,"bachelors","b.com",0,2,2,0,"Retired",0,0,0,0,1,"housewife",0,1,"fair","fair","good looks","good",NA,"",NA,NA,NA,NA,571
1292,FALSE,1,"MC",FALSE,9,"LCG-LI","LC",7000,"LI",63,26,"below_bachelors","h.s",1,2,2,0,"Retired",0,0,0,0,1,"housewife",0,1,"fair","fair","good looks","good",NA,"",NA,NA,NA,NA,572
1293,FALSE,1,"LC",FALSE,9,"LCG-LI","LC",7000,"LI",64,23,"bachelors","b.a",NA,1,1,0,"govt employee",0,1,0,0,0,"housewife",0,1,"fair.","fair","good looks","good",NA,"",NA,NA,NA,NA,361
1294,FALSE,1,"LC",FALSE,9,"LCG-LI","LC",7000,"LI",61,25,"bachelors","b.a",2,1,1,0,"business",0,0,0,1,0,"housewife",0,1,"medium fair","medium_fair","good looks","good",NA,"",NA,NA,NA,NA,269
1295,FALSE,1,"LC",FALSE,9,"LCG-LI","LC",7000,"LI",62,25,"bachelors","b.com",0,2,1,1,"absent",1,0,0,0,0,"housewife",0,1,"poor fair","fair","good looks","good",NA,"",NA,NA,NA,NA,298
1296,FALSE,1,"LC",FALSE,9,"LCG-LI","LC",7000,"LI",63,24,"bachelors","b.com",1,1,1,0,"Retired",0,0,0,0,1,"housewife",0,1,"fair","fair","medium loks","fair",NA,"",NA,NA,NA,NA,329
1297,FALSE,1,"LC",FALSE,9,"LCG-LI","LC",7000,"LI",63,22,"bachelors","b.a",0,1,1,0,"business",0,0,0,1,0,"housewife",0,1,"fair","fair","medium looks","fair",NA,"",NA,NA,NA,NA,316
1298,FALSE,1,"LC",FALSE,9,"LCG-LI","LC",7000,"LI",64,26,"bachelors","b.a",0,1,1,0,"govt employee",0,1,0,0,0,"housewife",0,1,"fair","fair","medium looks","fair",NA,"",NA,NA,NA,NA,378
1299,FALSE,1,"LC",FALSE,9,"LCG-LI","LC",7000,"LI",62,24,"bachelors","b.a",1,2,1,0,"Retired",0,0,0,0,1,"housewife",0,1,"fair","fair","medium looks","fair",NA,"",NA,NA,NA,NA,289
1300,FALSE,1,"MC",FALSE,9,"LCG-LI","LC",7000,"LI",62,25,"below_bachelors","h.s",3,1,1,0,"govt. employee",0,1,0,0,0,"housewife",0,1,"fair","fair","medium looks","fair",NA,"",NA,NA,NA,NA,511
1301,FALSE,1,"LC",FALSE,9,"LCG-LI","LC",7000,"LI",62,25,"bachelors","b.sc",0,1,1,0,"govt employee",0,1,0,0,0,"govt employee",0,0,"medium fair","medium_fair","medium looks","fair",NA,"",NA,NA,NA,NA,300
1302,FALSE,1,"LC",FALSE,9,"LCG-LI","LC",7000,"LI",63,24,"bachelors","b.a",1,1,1,0,"business",0,0,0,1,0,"housewife",0,1,"medium fair","medium_fair","medium looks","fair",NA,"",NA,NA,NA,NA,328
1303,FALSE,1,"LC",FALSE,9,"LCG-LI","LC",7000,"LI",64,23,"below_bachelors","madhyamik",0,3,2,0,"business",0,0,0,1,0,"housewife",0,1,"medium fair","medium_fair","medium looks","fair",NA,"",NA,NA,NA,NA,369
1304,TRUE,1,"LC",FALSE,9,"LCG-LI","LC",7000,"LI",64,23,"bachelors","b.a",1,1,1,0,"govt employee",0,1,0,0,0,"housewife",0,1,"medium fair","medium_fair","medium looks","fair",NA,"",NA,NA,NA,NA,360
1305,FALSE,1,"LC",FALSE,9,"LCG-LI","LC",7000,"LI",62,25,"bachelors","b.a",0,1,1,0,"govt employee",0,1,0,0,0,"housewife",0,1,"medium fair","medium_fair","medium looks","fair",NA,"",NA,NA,NA,NA,295
1306,TRUE,1,"LC",FALSE,9,"LCG-LI","LC",7000,"LI",64,23,"bachelors","b.a",1,1,1,0,"govt employee",0,1,0,0,0,"housewife",0,1,"medium fair","medium_fair","medium looks","fair",NA,"",NA,NA,NA,NA,360
1307,FALSE,1,"LC",FALSE,9,"LCG-LI","LC",7000,"LI",64,25,"bachelors","b.sc",NA,1,1,0,"govt employee",0,1,0,0,0,"housewife",0,1,"medium fair","medium_fair","medium looks","fair",NA,"",NA,NA,NA,NA,372
1308,FALSE,1,"LC",FALSE,9,"LCG-LI","LC",7000,"LI",60,24,"below_bachelors","h.s",0,1,1,0,"govt employee",0,1,0,0,0,"housewife",0,1,"medium fair","medium_fair","medium looks","fair",NA,"",NA,NA,NA,NA,251
1309,FALSE,1,"MC",FALSE,9,"LCG-LI","LC",7000,"LI",63,22,"bachelors","b.com",1,3,2,0,"Retired",0,0,0,0,1,"housewife",0,1,"medium fair","medium_fair","medium looks","fair",NA,"",NA,NA,NA,NA,546
1310,FALSE,1,"LC",FALSE,9,"LCG-LI","LC",7000,"LI",63,22,"below_bachelors","h.s",1,1,1,0,"Retired",0,0,0,0,1,"housewife",0,1,"medium fair","medium_fair","medium looks","fair",NA,"",NA,NA,NA,NA,321
1311,FALSE,1,"LC",FALSE,9,"LCG-LI","LC",7000,"LI",60,27,"bachelors","b.a",1,1,1,0,"pvt employee",0,0,1,0,0,"retired",0,0,"medium fair","medium_fair","medium looks","fair",NA,"",NA,NA,NA,NA,256
1312,FALSE,1,"LC",FALSE,9,"LCG-LI","LC",7000,"LI",61,28,"bachelors","b.a",1,1,1,0,"Retired",0,0,0,0,1,"retired",0,0,"medium fair","medium_fair","medium looks","fair",NA,"",NA,NA,NA,NA,282
1313,FALSE,1,"LC",FALSE,9,"LCG-LI","LC",7000,"LI",62,24,"bachelors","b.com",1,1,1,0,"business",0,0,0,1,0,"housewife",0,1,"very fair","very_fair","medium looks","fair",NA,"",NA,NA,NA,NA,292
1314,FALSE,1,"MC",FALSE,9,"LCG-LI","LC",7000,"LI",62,27,"below_bachelors","h.s",0,1,1,0,"Retired",0,0,0,0,1,"housewife",0,1,"fair","fair","medium looks looks","fair",NA,"",NA,NA,NA,NA,531
1315,FALSE,1,"MC",FALSE,9,"LCG-LI","LC",7000,"LI",61,26,"below_bachelors","madhyamik",0,2,2,0,"nm",0,0,0,0,0,"housewife",0,1,"very fair","very_fair","very good looks","very_good",NA,"",NA,NA,NA,NA,467
1316,FALSE,1,"HC",FALSE,9,"LCG-LI","LC",7000,"LI",62,30,"bachelors","b.com",2,2,2,0,"absent",1,0,0,0,0,"housewife",0,1,"",NA,"fair looks","fair",NA,"",NA,NA,NA,NA,108
1317,FALSE,1,"LC",FALSE,9,"LCG-LI","LC",7000,"LI",60,24,"bachelors","b.a",1,1,1,0,"absent",1,0,0,0,0,"retired",0,0,"medium fair","medium_fair","good looks","good",NA,"",NA,NA,NA,NA,249
1318,FALSE,1,"MC",FALSE,9,"LCG-LI","LC",7000,"LI",61,24,"bachelors","b.a",2,1,1,0,"Retired",0,0,0,0,1,"housewife",0,1,"fair","fair","medium looks","fair",NA,"",NA,NA,NA,NA,454
1319,FALSE,1,"MC",FALSE,9,"LCG-LI","LC",7000,"LI",60,27,"below_bachelors","madhyamik",2,1,1,0,"absent",1,0,0,0,0,"nm",0,0,"",NA,"medium looks","fair",NA,"",NA,NA,NA,NA,438
1320,FALSE,1,"MC",FALSE,9,"LCG-LI","LC",7000,"LI",62,26,"bachelors","b.a",0,2,1,0,"Retired",0,0,0,0,1,"housewife",0,1,"fair","fair","",NA,NA,"",NA,NA,NA,NA,522
1321,FALSE,1,"LC",FALSE,9,"LCG-LI","LC",7000,"LI",63,20,"below_bachelors","h.s",2,2,1,0,"govt employee",0,1,0,0,0,"housewife",0,1,"nm",NA,"",NA,NA,"",NA,NA,NA,NA,315
1322,FALSE,1,"MC",FALSE,9,"LCG-LI","LC",7000,"LI",61,23,"bachelors","b.a",2,2,1,0,"nm",0,0,0,0,0,"nm",0,0,"nm",NA,"",NA,NA,"",NA,NA,NA,NA,447
1323,FALSE,1,"MC",FALSE,9,"LCG-LI","LC",7000,"LI",63,27,"bachelors","b.sc",2,1,1,0,"Retired",0,0,0,0,1,"housewife",0,1,"very fair","very_fair","",NA,NA,"",NA,NA,NA,NA,583
1324,FALSE,2,"MC",FALSE,9,"LCG-LI","LC",7000,"LI",66,22,"bachelors","b.com",2,1,1,0,"Retired",0,0,0,0,1,"housewife",0,1,"fair, good looks","fair","","good",NA,"",0,0,0,0,1232
1325,FALSE,2,"MC",FALSE,9,"LCG-LI","LC",7000,"LI",60,29,"bachelors","b.a",1,2,1,0,"business",0,0,0,1,0,"retired",0,0,"fair, medium looks","fair","","fair",NA,"house, car owner",1,0,0,1,1136
1326,FALSE,2,"MC",FALSE,9,"LCG-LI","LC",7000,"LI",57,23,"bachelors","bba",1,1,1,1,"professor",0,1,0,0,0,"housewife",0,1,"fair, very good looks","fair","","very_good",NA,"",0,0,0,0,1127
1327,FALSE,2,"MC",FALSE,9,"LCG-LI","LC",7000,"LI",61,24,"bachelors","b.sc",1,2,1,0,"govt employee",0,1,0,0,0,"housewife",0,1,"fair, very good looks","fair","","very_good",NA,"",0,0,0,0,1146
1328,FALSE,2,"MC",TRUE,9,"LCG-LI","LC",7000,"LI",66,27,"bachelors","b.com",1,2,1,0,"pvt employee",0,0,1,0,0,"absent",1,0,"fair, good looks","fair","","good",NA,"",0,0,0,0,1338
1329,FALSE,2,"MC",FALSE,9,"LCG-LI","LC",7000,"LI",64,26,"bachelors","b.a",1,2,1,0,"govt employee",0,1,0,0,0,"govt. employee",0,0,"fair, medium looks","fair","","fair",NA,"flat owner",0,1,0,0,1214
1330,FALSE,2,"LC",FALSE,9,"LCG-LI","LC",7000,"LI",67,24,"bachelors","b.a",1,2,2,0,"business",0,0,0,1,0,"housewife",0,1,"fair, medium looks","fair","","fair",NA,"flat owner",0,1,0,0,1058
1331,FALSE,2,"LC",FALSE,9,"LCG-LI","LC",7000,"LI",60,23,"masters","m.com",0,2,1,1,"business",0,0,0,1,0,"housewife",0,1,"fair, medium looks","fair","","fair",NA,"",0,0,0,0,977
1332,FALSE,2,"LC",TRUE,9,"LCG-LI","LC",7000,"LI",65,22,"bachelors","b.a",2,1,1,0,"business",0,0,0,1,0,"housewife",0,1,"fair, medium looks","fair","","fair",NA,"",0,0,0,0,1108
1333,FALSE,2,"LC",FALSE,9,"LCG-LI","LC",7000,"LI",68,22,"below_bachelors","h.s",0,1,1,0,"business",0,0,0,1,0,"housewife",0,1,"fair, medium looks","fair","","fair",NA,"",0,0,0,0,1066
1334,FALSE,2,"LC",FALSE,9,"LCG-LI","LC",7000,"LI",65,23,"below_bachelors","madhyamik",1,2,1,0,"pvt employee",0,0,1,0,0,"housewife",0,1,"fair, medium looks","fair","","fair",NA,"",0,0,0,0,1031
1335,FALSE,2,"MC",FALSE,9,"LCG-LI","LC",7000,"LI",59,26,"bachelors","b.a",2,3,2,0,"Retired",0,0,0,0,1,"housewife",0,1,"fair,good looks","fair","","good",NA,"",0,0,0,0,1129
1336,FALSE,2,"MC",FALSE,9,"LCG-LI","LC",7000,"LI",62,24,"masters","m.a",0,2,1,0,"Retired",0,0,0,0,1,"housewife",0,1,"fair,good looks","fair","","good",NA,"",0,0,0,0,1166
1337,FALSE,2,"MC",TRUE,9,"LCG-LI","LC",7000,"LI",63,26,"below_bachelors","madhyamik",2,1,1,0,"Retired",0,0,0,0,1,"pvt employee",0,0,"fair,good looks","fair","","good",NA,"",0,0,0,0,1316
1338,FALSE,2,"LC",FALSE,9,"LCG-LI","LC",7000,"LI",66,21,"bachelors","b.a",1,2,2,0,"govt employee",0,1,0,0,0,"retired",0,0,"fair., good looks","fair","","good",NA,"flat oener",0,1,0,0,1036
1339,FALSE,2,"MC",TRUE,9,"LCG-LI","LC",7000,"LI",69,24,"below_bachelors","h.s",0,1,1,0,"Retired",0,0,0,0,1,"business",0,0,"medium fair","medium_fair","",NA,NA,"flat owner",0,1,0,0,1358
1340,FALSE,2,"MC",TRUE,9,"LCG-LI","LC",7000,"LI",67,24,"bachelors","b.a",0,1,1,0,"business",0,0,0,1,0,"housewife",0,1,"medium fair","medium_fair","",NA,NA,"flat owner",0,1,0,0,1341
1341,FALSE,2,"MC",FALSE,9,"LCG-LI","LC",7000,"LI",67,24,"bachelors","b.com",2,2,1,0,"absent",1,0,0,0,0,"absent",1,0,"medium fair","medium_fair","",NA,NA,"",0,0,0,0,1258
1342,FALSE,2,"MC",FALSE,9,"LCG-LI","LC",7000,"LI",69,23,"bachelors","b.a",0,2,1,0,"govt employee",0,1,0,0,0,"housewife",0,1,"medium fair","medium_fair","",NA,NA,"",0,0,0,0,1282
1343,FALSE,2,"MC",TRUE,9,"LCG-LI","LC",7000,"LI",69,23,"bachelors","b.com",0,2,1,0,"Retired",0,0,0,0,1,"housewife",0,1,"medium fair","medium_fair","",NA,NA,"",0,0,0,0,1354
1344,FALSE,2,"MC",FALSE,9,"LCG-LI","LC",7000,"LI",56,24,"bachelors","b.sc",1,2,1,0,"business",0,0,0,1,0,"govt employee",0,0,"medium fair, fair looks","medium_fair","","fair",NA,"",0,0,0,0,1126
1345,FALSE,2,"MC",FALSE,9,"LCG-LI","LC",7000,"LI",64,20,"bachelors","b.com",2,2,2,0,"absent",1,0,0,0,0,"absent",1,0,"medium fair, good looks","medium_fair","","good",NA,"",0,0,0,0,1200
1346,FALSE,2,"LC",FALSE,9,"LCG-LI","LC",7000,"LI",63,24,"bachelors","b.com",1,1,1,0,"absent",1,0,0,0,0,"housewife",0,1,"medium fair, good looks","medium_fair","","good",NA,"",0,0,0,0,1005
1347,FALSE,2,"MC",TRUE,9,"LCG-LI","LC",7000,"LI",64,26,"below_bachelors","madhyamik",1,2,2,0,"Retired",0,0,0,0,1,"housewife",0,1,"medium fair, medium good looks","medium_fair","","fair",NA,"",0,0,0,0,1323
1348,FALSE,2,"MC",FALSE,9,"LCG-LI","LC",7000,"LI",66,27,"bachelors","b.sc",1,1,1,1,"Retired",0,0,0,0,1,"housewife",0,1,"medium fair, medium good looks","medium_fair","","fair",72000,"",0,0,0,0,1248
1349,FALSE,2,"HC",FALSE,9,"LCG-LI","LC",7000,"LI",64,22,"below_bachelors","madhyamik",2,1,1,0,"Retired",0,0,0,0,1,"housewife",0,1,"medium fair, medium looks","medium_fair","","fair",NA,"flat owner",0,1,0,0,758
1350,FALSE,2,"MC",TRUE,9,"LCG-LI","LC",7000,"LI",65,25,"below_bachelors","h.s",1,2,1,0,"Retired",0,0,0,0,1,"absent",1,0,"medium fair, medium looks","medium_fair","","fair",NA,"house owner",1,0,0,0,1332
1351,FALSE,2,"LC",FALSE,9,"LCG-LI","LC",7000,"LI",68,25,"bachelors","b.com",1,2,2,0,"pvt employee",0,0,1,0,0,"housewife",0,1,"medium fair, medium looks","medium_fair","","fair",NA,"house owner",1,0,0,0,1071
1352,FALSE,2,"LC",FALSE,9,"LCG-LI","LC",7000,"LI",68,20,"masters","m.a",1,1,1,0,"Retired",0,0,0,0,1,"absent",1,0,"medium fair, medium looks","medium_fair","","fair",NA,"",0,0,0,0,1065
1353,FALSE,2,"LC",FALSE,9,"LCG-LI","LC",7000,"LI",62,28,"below_bachelors","madhyamik",0,1,1,0,"business",0,0,0,1,0,"housewife",0,1,"medium fair, medium looks","medium_fair","","fair",NA,"",0,0,0,0,1000
1354,FALSE,2,"LC",TRUE,9,"LCG-LI","LC",7000,"LI",63,26,"bachelors","b.a",2,2,2,0,"govt employee",0,1,0,0,0,"housewife",0,1,"medium fair, medium looks","medium_fair","","fair",NA,"",0,0,0,0,1102
1355,FALSE,2,"LC",TRUE,9,"LCG-LI","LC",7000,"LI",69,21,"bachelors","b.a",1,1,1,0,"govt employee",0,1,0,0,0,"housewife",0,1,"medium fair, medium looks","medium_fair","","fair",NA,"",0,0,0,0,1120
1356,FALSE,2,"LC",FALSE,9,"LCG-LI","LC",7000,"LI",60,23,"below_bachelors","madhyamik",2,1,1,0,"govt employee",0,1,0,0,0,"housewife",0,1,"medium fair, medium looks","medium_fair","","fair",NA,"",0,0,0,0,978
1357,FALSE,2,"LC",FALSE,9,"LCG-LI","LC",7000,"LI",66,23,"below_bachelors","madhyamik",2,1,1,0,"pvt employee",0,0,1,0,0,"housewife",0,1,"medium fair, medium looks","medium_fair","","fair",NA,"",0,0,0,0,1043
1358,FALSE,2,"MC",FALSE,9,"LCG-LI","LC",7000,"LI",66,29,"bachelors","b.a",1,1,1,0,"Retired",0,0,0,0,1,"housewife",0,1,"medium fair, medium looks","medium_fair","","fair",NA,"",0,0,0,0,1251
1359,FALSE,2,"MC",TRUE,9,"LCG-LI","LC",7000,"LI",65,24,"bachelors","b.com",1,2,2,0,"business",0,0,0,1,0,"housewife",0,1,"medium fair, medium looksr","medium_fair","","fair",NA,"",0,0,0,0,1330
1360,FALSE,2,"MC",TRUE,9,"LCG-LI","LC",7000,"LI",64,27,"bachelors","b.sc",1,3,2,0,"Retired",0,0,0,0,1,"retired",0,0,"medium looks",NA,"","fair",NA,"",0,0,0,0,1324
1361,FALSE,2,"MC",TRUE,9,"LCG-LI","LC",7000,"LI",63,26,"masters","m.a",1,1,1,0,"govt employee",0,1,0,0,0,"nm",0,0,"very fair, good looks","very_fair","","good",NA,"land owner",0,0,1,0,1315
1362,FALSE,2,"LC",FALSE,9,"LCG-LI","LC",7000,"LI",65,23,"bachelors","b.com",3,1,1,0,"business",0,0,0,1,0,"absent",1,0,"very fair, medium looks","very_fair","","fair",NA,"car, flat owner",0,1,0,1,1027
1363,FALSE,2,"LC",FALSE,9,"LCG-LI","LC",7000,"LI",64,25,"below_bachelors","h.s",1,2,1,0,"Retired",0,0,0,0,1,"housewife",0,1,"very fair, medium looks","very_fair","","fair",NA,"flat owner",0,1,0,0,1025
1364,FALSE,2,"LC",FALSE,9,"LCG-LI","LC",7000,"LI",63,25,"bachelors","b.com",2,1,1,0,"business",0,0,0,1,0,"housewife",0,1,"very fair, medium looks","very_fair","","fair",NA,"",0,0,0,0,1010
1365,FALSE,2,"MC",TRUE,9,"LCG-LI","LC",7000,"LI",62,23,"below_bachelors","h.s",2,1,1,0,"Retired",0,0,0,0,1,"housewife",0,1,"very fair, medium looks","very_fair","","fair",NA,"",0,0,0,0,1307
1366,FALSE,2,"LC",FALSE,9,"LCG-LI","LC",7000,"LI",65,23,"bachelors","b.ed",1,1,1,1,"absent",1,0,0,0,0,"pvt employee",0,0,"very fair, medium looks","very_fair","","fair",NA,"",0,0,0,0,1028
